"id","contact_id","location_id","organization_id","service_id","number","extension","department","number_type","vanity_number","country_prefix"
1,,,,1,3604050488,,,"voice",,
2,,,,2,3604050488,,,"voice",,
3,,,,4,3605381540,,,"voice",,
4,,,,3,3605381540,,,"voice",,
5,,,,7,3605331064,,,"voice",,
6,,,,5,3605331064,,,"voice",,
7,,,,6,3605331064,,,"voice",,
8,,,,10,3605331064,,,"voice",,
9,,,,8,3605331064,,,"voice",,
10,,,,9,3605331064,,,"voice",,
11,,,,11,3605332221,,,"voice",,
12,,,,14,3605332221,,,"voice",,
13,,,,12,3605332221,,,"voice",,
14,,,,13,3605332221,,,"voice",,
15,,,,26,3605004524,,,"voice",,
16,,,,25,3605004531,,,"voice",,
17,,,,24,3605004541,,,"voice",,
18,,,,21,3605004559,,,"voice",,
19,,,,31,3605004528,,,"voice",,
20,,,,19,3605004512,,,"voice",,
21,,,,20,3605004552,,,"voice",,
22,,,,28,3605004550,,,"voice",,
23,,,,33,3605004553,,,"voice",,
24,,,,15,3605004556,,,"voice",,
25,,,,23,3605004520,,,"voice",,
26,,,,32,3605004528,,,"voice",,
27,,,,18,3605335100,,,"voice",,
28,,,,27,3605004509,,,"voice",,
29,,,,29,3605004550,,,"voice",,
30,,,,30,3605335100,,,"voice",,
31,,,,22,3605004509,,,"voice",,
32,,,,17,3605004528,,,"voice",,
33,,,,16,3605335100,,,"voice",,
34,,,,34,3607964444,,,"voice",,
35,,,,40,8773805784,,,"voice",,
36,,,,35,8007721213,,,"voice",,
37,,,,39,8007721213,,,"voice",,
38,,,,38,8007721213,,,"voice",,
39,,,,37,8006334227,,,"voice",,
40,,,,36,8006334227,,,"voice",,
41,,,,41,3608764089,,,"voice",,
42,,,,42,3602861502,,,"voice",,
43,,,,44,8008945307,,,"voice",,
44,,,,45,8888648699,,,"voice",,
45,,,,46,8888648699,,,"voice",,
46,,,,48,8008947240,,,"voice",,
47,,,,43,8008945307,,,"voice",,
48,,,,47,8008947240,,,"voice",,
49,,,,49,8008945307,,,"voice",,
50,,,,50,2068423000,,,"voice",,
51,,,,51,3608304662,,,"voice",,
52,,,,52,8886127020,,,"voice",,
53,,,,53,8886127020,,,"voice",,
54,,,,54,8886127020,,,"voice",,
55,,,,55,8886127020,,,"voice",,
56,,,,56,8886127020,,,"voice",,
57,,,,58,8886127020,,,"voice",,
58,,,,57,8886127020,,,"voice",,
59,,,,59,3603742273,,,"voice",,
60,,,,60,3603732032,,,"voice",,
61,,,,61,8667369634,,,"voice",,
62,,,,62,3605331088,,,"voice",,
63,,,,63,3604264546,,,"voice",,
64,,,,64,3604264546,,,"voice",,
65,,,,65,3603621855,,,"voice",,
66,,,,69,3604279171,,,"voice",,
67,,,,67,3604279171,,,"voice",,
68,,,,68,3604279171,,,"voice",,
69,,,,66,3604279171,,,"voice",,
70,,,,70,3602490005,,,"voice",,
71,,,,71,3602490005,,,"voice",,
72,,,,72,8887136115,,,"voice",,
73,,,,73,3608756670,,,"voice",,
74,,,,75,3605813861,,,"voice",,
75,,,,74,3605813861,,,"voice",,
76,,,,77,3605813861,,,"voice",,
77,,,,78,3605931409,,,"voice",,
78,,,,76,3609425739,,,"voice",,
79,,,,80,3605380733,,,"voice",,
80,,,,79,3605380733,,,"voice",,
81,,,,84,3603853831,,,"voice",,
82,,,,82,3603853831,,,"voice",,
83,,,,81,3603853831,1,,"voice",,
84,,,,86,3602750535,,,"voice",,
85,,,,90,3602750535,,,"voice",,
86,,,,91,3602750535,,,"voice",,
87,,,,88,3602750535,,,"voice",,
88,,,,87,3602759115,,,"voice",,
89,,,,85,3602750535,,,"voice",,
90,,,,89,3602750535,,,"voice",,
91,,,,92,3602759115,,,"voice",,
92,,,,93,3602759115,,,"voice",,
93,,,,94,3602759115,,,"voice",,
94,,,,96,3604268134,,,"voice",,
95,,,,95,3604268134,,,"voice",,
96,,,,99,3604262198,,,"voice",,
97,,,,98,3602759118,,,"voice",,
98,,,,97,3602759118,,,"voice",,
99,,,,101,3608982363,,,"voice",,
100,,,,100,3608982363,,,"voice",,
101,,,,102,3604269717,,,"voice",,
102,,,,103,3608776507,,,"voice",,
103,,,,105,3605334909,,,"voice",,
104,,,,104,3605334909,,,"voice",,
105,,,,107,3602759310,,,"voice",,
106,,,,106,3602759310,,,"voice",,
107,,,,109,3609870007,,,"voice",,
108,,,,108,3609870007,,,"voice",,
109,,,,110,3603462222,,,"voice",,
110,,,,112,3603462222,,,"voice",,
111,,,,111,3603462222,,,"voice",,
112,,,,113,3603462222,,,"voice",,
113,,,,115,3604953500,,,"voice",,
114,,,,114,3604823711,,,"voice",,
115,,,,117,3602754898,,,"voice",,
116,,,,116,3602754898,,,"voice",,
117,,,,118,3604277535,,,"voice",,
118,,,,119,3604279670,400,,"voice",,
119,,,,120,3604279670,518,,"voice",,
120,,,,123,3604279670,274,,"voice",,
121,,,,124,3604279670,400,,"voice",,
122,,,,122,3604279670,545,,"voice",,
123,,,,121,3604279670,518,,"voice",,
124,,,,125,3604269733,,,"voice",,
125,,,,126,3604269733,,,"voice",,
126,,,,130,3604267374,,,"voice",,
127,,,,131,3604267374,,,"voice",,
128,,,,128,3604267374,,,"voice",,
129,,,,127,3604267374,,,"voice",,
130,,,,129,3604267374,,,"voice",,
131,,,,132,3604276919,,,"voice",,
132,,,,133,3604276919,,,"voice",,
133,,,,135,8003743747,,,"voice",,
134,,,,134,8003743747,,,"voice",,
135,,,,136,3604325725,,,"voice",,
136,,,,137,3604269434,,,"voice",,
137,,,,139,3604261200,,,"voice",,
138,,,,138,3604261200,,,"voice",,
139,,,,145,3604261611,,,"voice",,
140,,,,143,3604261611,,,"voice",,
141,,,,142,3604277332,,,"voice",,
142,,,,151,3604273621,,,"voice",,
143,,,,140,3604260590,,,"voice",,
144,,,,141,3604261611,,,"voice",,
145,,,,144,3608982316,,,"voice",,
146,,,,148,3607544433,,,"voice",,
147,,,,150,3604262486,,,"voice",,
148,,,,147,3604279590,6,,"voice",,
149,,,,146,3604327766,,,"voice",,
150,,,,153,3604268717,,,"voice",,
151,,,,156,3604260955,,,"voice",,
152,,,,155,3604260955,,,"voice",,
153,,,,157,3604263102,,,"voice",,
154,,,,152,3604270366,,,"voice",,
155,,,,154,3604263862,,,"voice",,
156,,,,160,3604270663,,,"voice",,
157,,,,159,3604262653,,,"voice",,
158,,,,158,3604262500,,,"voice",,
159,,,,161,3604638431,,,"voice",,
160,,,,163,911,,,"voice","911       ",
161,,,,162,3604263403,,,"voice",,
162,,,,164,3602494163,,,"voice",,
163,,,,165,3602754615,,,"voice",,
164,,,,167,3604325400,,,"voice",,
165,,,,166,3604325400,,,"voice",,
166,,,,168,3602764200,,,"voice",,
167,,,,169,8007690045,,,"voice",,
168,,,,170,8007690045,,,"voice",,
169,,,,171,8007690045,,,"voice",,
170,,,,172,8007690045,,,"voice",,
171,,,,176,3606428401,,,"voice",,
172,,,,175,3606428401,,,"voice",,
173,,,,174,3606428401,,,"voice",,
174,,,,173,3606428401,,,"voice",,
175,,,,177,3606428401,,,"voice",,
176,,,,178,3604278847,,,"voice",,
177,,,,180,3604268461,,,"voice",,
178,,,,181,3604268461,,,"voice",,
179,,,,179,3604268461,,,"voice",,
180,,,,183,3604264174,,,"voice",,
181,,,,182,3604264174,,,"voice",,
182,,,,184,3604264174,,,"voice",,
183,,,,185,3604264232,,,"voice",,
184,,,,196,3604267788,,,"voice",,
185,,,,195,3604267788,,,"voice",,
186,,,,197,3604267788,,,"voice",,
187,,,,190,3608772008,,,"voice",,
188,,,,189,3608772008,,,"voice",,
189,,,,192,3604265755,,,"voice",,
190,,,,193,3604265755,,,"voice",,
191,,,,191,3604265755,,,"voice",,
192,,,,186,3608772200,,,"voice",,
193,,,,187,3608772200,,,"voice",,
194,,,,188,3608779007,,,"voice",,
195,,,,194,3604264740,,,"voice",,
196,,,,198,3604265014,,,"voice",,
197,,,,202,8009243984,,,"voice",,
198,,,,203,8009243984,,,"voice",,
199,,,,200,8009243984,,,"voice",,
200,,,,201,8009243984,,,"voice",,
201,,,,204,8009243984,,,"voice",,
202,,,,199,8009243984,,,"voice",,
203,,,,206,3604321212,,,"voice",,
204,,,,205,3604321212,,,"voice",,
205,,,,207,3604321212,,,"voice",,
206,,,,208,3606423787,,,"voice",,
207,,,,210,3606423787,,,"voice",,
208,,,,209,3606423787,,,"voice",,
209,,,,211,3606423787,,,"voice",,
210,,,,216,8008842298,,,"voice",,
211,,,,212,3609422303,,,"voice",,
212,,,,214,3609422303,,,"voice",,
213,,,,213,3609422303,,,"voice",,
214,,,,215,3608759426,,,"voice",,
215,,,,217,3609427987,,,"voice",,
216,,,,218,3609424726,,,"voice",,
217,,,,219,3609422069,,,"voice",,
218,,,,220,3609422069,,,"voice",,
219,,,,221,3604279670,681,,"voice",,
220,,,,226,3604279670,682,,"voice",,
221,,,,225,3604279670,688,,"voice",,
222,,,,222,3604279670,680,,"voice",,
223,,,,223,3604279670,688,,"voice",,
224,,,,224,3604279670,592,,"voice",,
225,,,,227,3604796226,,,"voice",,
226,,,,228,3603798247,,,"voice",,
227,,,,231,3603798247,,,"voice",,
228,,,,229,3603798247,,,"voice",,
229,,,,230,3603798247,,,"voice",,
230,,,,232,2064868486,,,"voice",,
231,,,,233,3603620010,,,"voice",,
232,,,,234,3603620010,,,"voice",,
233,,,,235,3603620010,,,"voice",,
234,,,,243,3607795190,,,"voice",,
235,,,,244,3606973061,,,"voice",,
236,,,,247,3609810966,,,"voice",,
237,,,,251,3606926650,,,"voice",,
238,,,,252,3606981564,,,"voice",,
239,,,,237,3607692678,,,"voice",,
240,,,,238,3608760374,,,"voice",,
241,,,,239,3608760374,,,"voice",,
242,,,,240,3607795190,,,"voice",,
243,,,,242,3609302751,,,"voice",,
244,,,,241,3606973061,,,"voice",,
245,,,,255,3604575569,,,"voice",,
246,,,,254,3604571808,,,"voice",,
247,,,,253,3604176862,,,"voice",,
248,,,,256,3606400620,,,"voice",,
249,,,,257,3604616090,,,"voice",,
250,,,,259,3604790243,,,"voice",,
251,,,,258,3604790243,,,"voice",,
252,,,,260,8886360652,,,"voice",,
253,,,,261,3602972266,,,"voice",,
254,,,,264,3602972266,,,"voice",,
255,,,,263,3602972266,,,"voice",,
256,,,,262,3602972266,,,"voice",,
257,,,,265,3602972266,,,"voice",,
258,,,,266,3608765094,,,"voice",,
259,,,,267,8886127020,,,"voice",,
260,,,,269,8886127020,,,"voice",,
261,,,,268,8886127020,,,"voice",,
262,,,,270,3604793694,,,"voice",,
263,,,,272,3604793694,,,"voice",,
264,,,,273,8664667328,,,"voice",,
265,,,,271,3604793694,,,"voice",,
266,,,,274,3604277058,,,"voice",,
267,,,,276,3604323091,,,"voice",,
268,,,,275,3604323091,,,"voice",,
269,,,,277,3605325454,,,"voice",,
270,,,,282,3605325454,,,"voice",,
271,,,,280,3605325454,,,"voice",,
272,,,,279,3605325454,,,"voice",,
273,,,,284,3605325454,,,"voice",,
274,,,,281,3605325454,,,"voice",,
275,,,,278,3605325454,,,"voice",,
276,,,,283,3605325454,,,"voice",,
277,,,,285,3608306283,,,"voice",,
278,,,,286,3608760061,,,"voice",,
279,,,,287,3604173418,,,"voice",,
280,,,,288,3603739710,,,"voice",,
281,,,,291,3605381293,,,"voice",,
282,,,,290,3605381461,,,"voice",,
283,,,,289,8664181002,,,"voice",,
284,,,,296,3602892427,,,"voice",,
285,,,,293,3605381463,,,"voice",,
286,,,,294,3608618700,,,"voice",,
287,,,,295,3604824510,,,"voice",,
288,,,,292,3604824510,,,"voice",,
289,,,,297,3605324357,,,"voice",,
290,,,,298,3605331062,,,"voice",,
291,,,,299,3605331062,,,"voice",,
292,,,,300,3605331062,,,"voice",,
293,,,,301,3605331062,,,"voice",,
294,,,,302,3605331062,,,"voice",,
295,,,,303,3605336950,,,"voice",,
296,,,,304,3605326260,,,"voice",,
297,,,,305,3604571344,,,"voice",,
298,,,,306,3604523351,,,"voice",,
299,,,,307,3604523351,,,"voice",,
300,,,,310,3604795123,,,"voice",,
301,,,,311,3603775560,,,"voice",,
302,,,,308,3603775560,,,"voice",,
303,,,,312,3604795123,,,"voice",,
304,,,,309,3604795123,,,"voice",,
305,,,,314,3608766311,,,"voice",,
306,,,,315,3608766311,,,"voice",,
307,,,,313,3608766311,,,"voice",,
308,,,,316,3602864832,,,"voice",,
309,,,,318,3604403760,,,"voice",,
310,,,,319,3603605982,91,,"voice",,
311,,,,317,3605982091,,,"voice",,
312,,,,320,3605982091,,,"voice",,
313,,,,321,8668540638,,,"voice",,
314,,,,322,8668540638,,,"voice",,
315,,,,323,8668540638,,,"voice",,
316,,,,326,3604529771,,,"voice",,
317,,,,325,3604529771,,,"voice",,
318,,,,324,3604529771,,,"voice",,
319,,,,329,3609632223,,,"voice",,
320,,,,328,3609632223,,,"voice",,
321,,,,327,3609632223,,,"voice",,
322,,,,332,3603746201,,,"voice",,
323,,,,331,3603746201,,,"voice",,
324,,,,330,3603746201,,,"voice",,
325,,,,335,3604529771,,,"voice",,
326,,,,334,3604529771,,,"voice",,
327,,,,333,3604529771,,,"voice",,
328,,,,347,3603375235,,,"voice",,
329,,,,343,3603375235,,,"voice",,
330,,,,338,3603375235,,,"voice",,
331,,,,336,3603375235,,,"voice",,
332,,,,345,3603374821,,,"voice",,
333,,,,339,3603375235,,,"voice",,
334,,,,346,3603374821,,,"voice",,
335,,,,340,3603374821,,,"voice",,
336,,,,344,3603375235,,,"voice",,
337,,,,341,3603375235,,,"voice",,
338,,,,348,3603375235,,,"voice",,
339,,,,337,3603374821,,,"voice",,
340,,,,342,3603375235,,,"voice",,
341,,,,349,3604775511,,,"voice",,
342,,,,350,3606929818,,,"voice",,
343,,,,351,3604529599,,,"voice",,
344,,,,371,3604524711,,,"voice",,
345,,,,372,3606838269,,,"voice",,
346,,,,358,3605655041,,,"voice",,
347,,,,362,3605655041,,,"voice",,
348,,,,363,3605655047,,,"voice",,
349,,,,359,3605655041,,,"voice",,
350,,,,360,3605655041,,,"voice",,
351,,,,364,3605655041,,,"voice",,
352,,,,361,3605655041,,,"voice",,
353,,,,376,3604527221,,,"voice",,
354,,,,374,3604527221,,,"voice",,
355,,,,375,3604525700,,,"voice",,
356,,,,373,3604527221,,,"voice",,
357,,,,365,3604774918,,,"voice",,
358,,,,369,3604774918,,,"voice",,
359,,,,366,3604774918,,,"voice",,
360,,,,367,3604774918,,,"voice",,
361,,,,370,3604774918,,,"voice",,
362,,,,368,3604774918,,,"voice",,
363,,,,352,3602037107,,,"voice",,
364,,,,356,3602037107,,,"voice",,
365,,,,353,3602037107,,,"voice",,
366,,,,354,3602037107,,,"voice",,
367,,,,357,3602037107,,,"voice",,
368,,,,355,3602037107,,,"voice",,
369,,,,377,3607795456,,,"voice",,
370,,,,379,3608762669,,,"voice",,
371,,,,378,3608762669,,,"voice",,
372,,,,380,3608762669,,,"voice",,
373,,,,382,3603776739,,,"voice",,
374,,,,381,3603776739,,,"voice",,
375,,,,383,3603776739,,,"voice",,
376,,,,388,3607324090,223,,"voice",,
377,,,,385,3607324471,,,"voice",,
378,,,,386,3607324481,241,,"voice",,
379,,,,389,3607324090,460,,"voice",,
380,,,,387,3607324219,,,"voice",,
381,,,,384,3603443270,,,"voice",,
382,,,,390,3603778511,,,"voice",,
383,,,,391,3606920217,,,"voice",,
384,,,,393,3603731529,,,"voice",,
385,,,,392,3603731529,,,"voice",,
386,,,,394,8667867257,,,"voice",,
387,,,,405,3603375777,,,"voice",,
388,,,,399,3603377077,,,"voice",,
389,,,,396,3603377160,,,"voice",,
390,,,,397,3603374440,,,"voice",,
391,,,,400,3603377164,,,"voice",,
392,,,,402,3603377164,,,"voice",,
393,,,,403,3603377109,,,"voice",,
394,,,,411,3603374650,,,"voice",,
395,,,,408,3603375777,,,"voice",,
396,,,,410,3603377140,,,"voice",,
397,,,,404,3603377128,,,"voice",,
398,,,,409,3603374935,,,"voice",,
399,,,,401,3603375777,,,"voice",,
400,,,,406,3603377174,,,"voice",,
401,,,,398,3603375484,,,"voice",,
402,,,,395,3603374440,,,"voice",,
403,,,,407,3603377109,,,"voice",,
404,,,,412,3603375401,,,"voice",,
405,,,,414,3604525244,,,"voice",,
406,,,,413,3604525244,,,"voice",,
407,,,,415,3604525244,,,"voice",,
408,,,,416,3604525244,,,"voice",,
409,,,,418,3604525244,,,"voice",,
410,,,,417,3604525244,,,"voice",,
411,,,,420,3603851716,,,"voice",,
412,,,,421,3603851716,,,"voice",,
413,,,,419,3603851716,,,"voice",,
414,,,,422,3604155800,,,"voice",,
415,,,,426,3606972142,,,"voice",,
416,,,,428,3606975531,,,"voice",,
417,,,,427,3603378509,,,"voice",,
418,,,,425,2068986092,,,"voice",,
419,,,,423,2067537000,,,"voice",,
420,,,,424,3606975531,,,"voice",,
421,,,,429,2068427621,,,"voice",,
422,,,,433,2068427621,,,"voice",,
423,,,,430,2068427621,,,"voice",,
424,,,,437,2068427621,,,"voice",,
425,,,,436,2068427621,,,"voice",,
426,,,,432,2068427621,,,"voice",,
427,,,,431,2068427621,,,"voice",,
428,,,,438,2068427621,,,"voice",,
429,,,,435,2068427621,,,"voice",,
430,,,,434,2068427621,,,"voice",,
431,,,,440,2068424714,,,"voice",,
432,,,,439,2068422907,,,"voice",,
433,,,,441,2068422634,,,"voice",,
434,,,,449,2068424787,,,"voice",,
435,,,,447,2067806500,,,"voice",,
436,,,,444,2067801646,,,"voice",,
437,,,,445,2067801646,,,"voice",,
438,,,,443,2067801646,,,"voice",,
439,,,,442,2068424752,,,"voice",,
440,,,,446,2068427637,,,"voice",,
441,,,,448,2068424411,,,"voice",,
442,,,,450,2068422773,,,"voice",,
443,,,,453,2068425211,,,"voice",,
444,,,,452,2068425211,,,"voice",,
445,,,,451,2068425211,,,"voice",,
446,,,,454,3604735357,,,"voice",,
447,,,,457,3607315139,,,"voice",,
448,,,,455,3607315139,,,"voice",,
449,,,,456,3607315139,,,"voice",,
450,,,,458,3604172398,,,"voice",,
451,,,,462,3605652679,,,"voice",,
452,,,,461,3604172279,,,"voice",,
453,,,,460,3604172279,,,"voice",,
454,,,,459,3603850843,,,"voice",,
455,,,,463,3603853797,,,"voice",,
456,,,,465,3604573011,,,"voice",,
457,,,,464,3604573011,,,"voice",,
458,,,,467,3603778505,,,"voice",,
459,,,,468,3603778505,,,"voice",,
460,,,,466,3604403261,,,"voice",,
461,,,,469,3609632329,,,"voice",,
462,,,,470,3609632329,,,"voice",,
463,,,,471,3609632324,,,"voice",,
464,,,,472,3606452382,,,"voice",,
465,,,,473,3606621610,,,"voice",,
466,,,,475,3606621736,,,"voice",,
467,,,,477,3606622400,,,"voice",,
468,,,,489,3606622700,,,"voice",,
469,,,,487,3606624000,,,"voice",,
470,,,,494,3606622570,,,"voice",,
471,,,,482,3606622870,,,"voice",,
472,,,,478,3606622300,,,"voice",,
473,,,,484,3606622600,,,"voice",,
474,,,,491,3606622900,,,"voice",,
475,,,,488,3606621570,,,"voice",,
476,,,,476,3606628000,,,"voice",,
477,,,,480,3606628300,,,"voice",,
478,,,,483,3606628500,,,"voice",,
479,,,,485,3606628700,,,"voice",,
480,,,,490,3606629200,,,"voice",,
481,,,,492,3606629500,,,"voice",,
482,,,,479,3606628100,,,"voice",,
483,,,,481,3606628400,,,"voice",,
484,,,,486,3606629000,,,"voice",,
485,,,,493,3606629400,,,"voice",,
486,,,,495,3606629700,,,"voice",,
487,,,,500,3604790522,,,"voice",,
488,,,,501,3604790522,,,"voice",,
489,,,,499,3604791980,,,"voice",,
490,,,,498,3604790491,,,"voice",,
491,,,,497,3604790522,,,"voice",,
492,,,,503,3604790491,,,"voice",,
493,,,,502,3604790522,,,"voice",,
494,,,,496,3604791980,,,"voice",,
495,,,,506,2067802931,,,"voice",,
496,,,,505,2067802931,,,"voice",,
497,,,,504,8005005513,,,"voice",,
498,,,,507,3609633155,,,"voice",,
499,,,,511,3604577004,,,"voice",,
500,,,,509,3604577004,,,"voice",,
501,,,,510,3604579746,,,"voice",,
502,,,,508,3604577004,,,"voice",,
503,,,,513,3606836806,,,"voice",,
504,,,,512,3606836806,,,"voice",,
505,,,,514,3604523221,,,"voice",,
506,,,,515,3606833344,,,"voice",,
507,,,,516,8778387787,,,"voice",,
508,,,,519,3608954346,,,"voice",,
509,,,,518,2535828440,0,,"voice",,
510,,,,517,3608954346,,,"voice",,
511,,,,525,3603735550,,,"voice",,
512,,,,520,3603735550,,,"voice",,
513,,,,522,3603735550,,,"voice",,
514,,,,526,3603735550,,,"voice",,
515,,,,523,3603735550,,,"voice",,
516,,,,527,3603735550,,,"voice",,
517,,,,521,3603735550,,,"voice",,
518,,,,524,3603735550,,,"voice",,
519,,,,530,3603735550,,,"voice",,
520,,,,531,3603735550,,,"voice",,
521,,,,528,3603735550,,,"voice",,
522,,,,529,3603735550,,,"voice",,
523,,,,534,3604527679,,,"voice",,
524,,,,532,3604527679,,,"voice",,
525,,,,535,3604527679,,,"voice",,
526,,,,533,3604527679,,,"voice",,
527,,,,536,3604527679,,,"voice",,
528,,,,537,3604527679,,,"voice",,
529,,,,538,3604473550,,,"voice",,
530,,,,539,3607795362,,,"voice",,
531,,,,540,3603854057,,,"voice",,
532,,,,543,3605356100,,,"voice",,
533,,,,542,3605356121,,,"voice",,
534,,,,544,3605356139,,,"voice",,
535,,,,541,3605356140,,,"voice",,
536,,,,547,3603775511,,,"voice",,
537,,,,545,3603775511,,,"voice",,
538,,,,546,3604793489,,,"voice",,
539,,,,548,3606452154,,,"voice",,
540,,,,549,3606452201,,,"voice",,
541,,,,550,3606452461,,,"voice",,
542,,,,551,3606453265,,,"voice",,
543,,,,553,3606452233,,,"voice",,
544,,,,552,3606452233,,,"voice",,
545,,,,554,8778616156,,,"voice",,
546,,,,560,3603735031,,,"voice",,
547,,,,557,3604794994,,,"voice",,
548,,,,559,3604794994,,,"voice",,
549,,,,558,3603737049,6682,,"voice",,
550,,,,556,3603737049,,,"voice",,
551,,,,555,3604054010,,,"voice",,
552,,,,561,3603735031,,,"voice",,
553,,,,562,3603778581,,,"voice",,
554,,,,563,3603778583,,,"voice",,
555,,,,565,3603733425,,,"voice",,
556,,,,566,3603736819,,,"voice",,
557,,,,567,3604156691,,,"voice",,
558,,,,568,3603731575,,,"voice",,
559,,,,570,3603628594,,,"voice",,
560,,,,571,3603628594,,,"voice",,
561,,,,564,3604155866,,,"voice",,
562,,,,569,3608504311,,,"voice",,
563,,,,572,3603773473,,,"voice",,
564,,,,573,3603773473,,,"voice",,
565,,,,575,3603773473,,,"voice",,
566,,,,574,3603773473,,,"voice",,
567,,,,576,3603773473,,,"voice",,
568,,,,577,3604735220,,,"voice",,
569,,,,580,3604735299,,,"voice",,
570,,,,578,3604735231,,,"voice",,
571,,,,583,3604731000,,,"voice",,
572,,,,582,3604731002,,,"voice",,
573,,,,581,3604731061,,,"voice",,
574,,,,584,3604734100,,,"voice",,
575,,,,586,3604734200,,,"voice",,
576,,,,587,3604734300,,,"voice",,
577,,,,592,3604734500,,,"voice",,
578,,,,593,3604734600,,,"voice",,
579,,,,588,3604730600,,,"voice",,
580,,,,"#N/A",3604731003,,,"voice",,
581,,,,585,3604730800,,,"voice",,
582,,,,591,3604731080,,,"voice",,
583,,,,589,3604734400,,,"voice",,
584,,,,590,3604734704,,,"voice",,
585,,,,594,3603075800,,,"voice",,
586,,,,596,2067808591,,,"voice",,
587,,,,597,2068422016,,,"voice",,
588,,,,595,2067808624,,,"voice",,
589,,,,598,2068425641,,,"voice",,
590,,,,599,3603745412,,,"voice",,
591,,,,600,3603745412,240,,"voice",,
592,,,,601,3603745412,242,,"voice",,
593,,,,604,3608761701,,,"voice",,
594,,,,606,3608764991,,,"voice",,
595,,,,603,3608764407,,,"voice",,
596,,,,605,3608745533,,,"voice",,
597,,,,607,3608767017,,,"voice",,
598,,,,608,3608765139,,,"voice",,
599,,,,602,3608764407,,,"voice",,
600,,,,609,3603795047,,,"voice",,
601,,,,615,3603795096,,,"voice",,
602,,,,610,3603795047,,,"voice",,
603,,,,611,3603795047,,,"voice",,
604,,,,612,3603795095,,,"voice",,
605,,,,613,3603794409,,,"voice",,
606,,,,614,3603852700,,,"voice",,
607,,,,616,3603853181,,,"voice",,
608,,,,618,3607793901,,,"voice",,
609,,,,619,3603949880,,,"voice",,
610,,,,621,3607794078,,,"voice",,
611,,,,620,3607799846,,,"voice",,
612,,,,622,3603949724,,,"voice",,
613,,,,617,3607793901,,,"voice",,
614,,,,623,3607799898,,,"voice",,
615,,,,624,3607794078,,,"voice",,
616,,,,626,3606834139,,,"voice",,
617,,,,627,3606834139,,,"voice",,
618,,,,625,3606834139,,,"voice",,
619,,,,628,3606834908,,,"voice",,
620,,,,629,3607970091,,,"voice",,
621,,,,630,3607970091,,,"voice",,
622,,,,631,3603080187,,,"voice",,
623,,,,639,3603859100,,,"voice",,
624,,,,632,3603859105,,,"voice",,
625,,,,638,3603859117,,,"voice",,
626,,,,633,3603859115,,,"voice",,
627,,,,637,3603859135,,,"voice",,
628,,,,640,3603859180,,,"voice",,
629,,,,642,3603859125,,,"voice",,
630,,,,634,3603859100,,,"voice",,
631,,,,636,3603859124,,,"voice",,
632,,,,635,3603859125,,,"voice",,
633,,,,643,3603859122,,,"voice",,
634,,,,641,3603859135,,,"voice",,
635,,,,644,3603859160,,,"voice",,
636,,,,646,3603850404,,,"voice",,
637,,,,645,3603859160,,,"voice",,
638,,,,647,3603856544,,,"voice",,
639,,,,649,3603855291,,,"voice",,
640,,,,650,3603855292,,,"voice",,
641,,,,648,3603855291,,,"voice",,
642,,,,651,3603855291,,,"voice",,
643,,,,652,3603855292,,,"voice",,
644,,,,654,3604575141,,,"voice",,
645,,,,653,3604575141,,,"voice",,
646,,,,655,3604757550,,,"voice",,
647,,,,657,3607926050,,,"voice",,
648,,,,656,3604757595,,,"voice",,
649,,,,659,3604756817,,,"voice",,
650,,,,658,3604757625,,,"voice",,
651,,,,660,3604757560,,,"voice",,
652,,,,661,3603942725,,,"voice",,
653,,,,662,3603942700,,,"voice",,
654,,,,663,3603374625,,,"voice",,
655,,,,664,3609283311,,,"voice",,
656,,,,665,3609284409,1001,,"voice",,
657,,,,667,3606980968,,,"voice",,
658,,,,668,3603076155,,,"voice",,
659,,,,666,8883778174,,,"voice",,
660,,,,669,3604059100,,,"voice",,
661,,,,670,2068424162,,,"voice",,
662,,,,671,3603773955,,,"voice",,
663,,,,672,3602973330,,,"voice",,
664,,,,673,3602972670,,,"voice",,
665,,,,674,3608713921,,,"voice",,
666,,,,675,3608762224,,,"voice",,
667,,,,676,3607792915,,,"voice",,
668,,,,677,3606922779,,,"voice",,
669,,,,678,3607654443,,,"voice",,
670,,,,680,3607653363,249,,"voice",,
671,,,,679,3607653363,252,,"voice",,
672,,,,683,3603746262,,,"voice",,
673,,,,681,3603746262,367,,"voice",,
674,,,,682,3603746262,4,,"voice",,
675,,,,687,3603746262,,,"voice",,
676,,,,686,3603746262,,,"voice",,
677,,,,685,3603746262,,,"voice",,
678,,,,684,3603746262,121,,"voice",,
679,,,,688,3604172525,,,"voice",,
680,,,,689,3603859368,,,"voice",,
681,,,,692,3604797017,,,"voice",,
682,,,,690,3604797017,2,,"voice",,
683,,,,691,3604797017,,,"voice",,
684,,,,695,3608766933,,,"voice",,
685,,,,694,3608766933,,,"voice",,
686,,,,696,3607799980,,,"voice",,
687,,,,697,3603772929,1,,"voice",,
688,,,,698,3604797017,,,"voice",,
689,,,,693,3604732035,,,"voice",,
690,,,,699,3604575804,,,"voice",,
691,,,,700,3604575804,,,"voice",,
692,,,,701,3606832112,,,"voice",,
693,,,,708,3604177000,,,"voice",,
694,,,,709,8883626260,,,"voice",,
695,,,,705,3604177000,,,"voice",,
696,,,,704,3604177125,,,"voice",,
697,,,,706,3604177111,,,"voice",,
698,,,,710,3604177450,,,"voice",,
699,,,,702,3604177400,,,"voice",,
700,,,,707,3604177652,,,"voice",,
701,,,,703,3605650500,,,"voice",,
702,,,,711,3605659110,,,"voice",,
703,,,,718,3604177315,,,"voice",,
704,,,,717,3604177315,,,"voice",,
705,,,,716,3605822845,,,"voice",,
706,,,,715,3605822845,,,"voice",,
707,,,,714,3605822845,,,"voice",,
708,,,,713,3605822845,,,"voice",,
709,,,,712,3606839895,,,"voice",,
710,,,,732,3604177125,,,"voice",,
711,,,,731,3605650500,,,"voice",,
712,,,,719,3604177728,,,"voice",,
713,,,,720,3605822601,,,"voice",,
714,,,,721,3604571500,,,"voice",,
715,,,,722,3605824120,,,"voice",,
716,,,,724,3604523373,,,"voice",,
717,,,,723,3604523373,,,"voice",,
718,,,,725,3604523373,,,"voice",,
719,,,,726,3605659250,,,"voice",,
720,,,,728,3604526808,,,"voice",,
721,,,,729,3605822930,,,"voice",,
722,,,,730,3604177365,,,"voice",,
723,,,,727,3605822840,,,"voice",,
724,,,,733,3605824200,,,"voice",,
725,,,,734,3603375714,,,"voice",,
726,,,,735,3603375700,,,"voice",,
727,,,,736,3604756649,,,"voice",,
728,,,,737,3603375700,,,"voice",,
729,,,,738,3603375700,,,"voice",,
730,,,,739,3604176380,,,"voice",,
731,,,,740,8774529277,,,"voice",,
732,,,,741,8774529277,,,"voice",,
733,,,,742,3604176373,,,"voice",,
734,,,,743,3604176380,,,"voice",,
735,,,,744,3603743223,,,"voice",,
736,,,,746,3603375350,,,"voice",,
737,,,,745,3603375350,,,"voice",,
738,,,,751,3603375350,,,"voice",,
739,,,,748,3603375350,,,"voice",,
740,,,,747,3603375350,,,"voice",,
741,,,,749,3603375350,,,"voice",,
742,,,,750,3603375350,,,"voice",,
743,,,,753,3603850321,,,"voice",,
744,,,,752,3603850321,,,"voice",,
745,,,,755,3603850321,,,"voice",,
746,,,,754,3603850321,,,"voice",,
747,,,,756,3606452796,,,"voice",,
748,,,,757,3606972228,,,"voice",,
749,,,,758,3605376256,,,"voice",,
750,,,,762,3605376258,,,"voice",,
751,,,,761,3605376249,,,"voice",,
752,,,,763,3605376258,,,"voice",,
753,,,,764,3605376258,,,"voice",,
754,,,,759,3605376256,,,"voice",,
755,,,,760,3605376258,,,"voice",,
756,,,,765,3605320570,,,"voice",,
757,,,,766,3605320570,,,"voice",,
758,,,,767,3605152220,,,"voice",,
759,,,,768,3603075871,,,"voice",,
760,,,,773,3604570411,,,"voice",,
761,,,,774,3604174550,,,"voice",,
762,,,,775,3604174800,,,"voice",,
763,,,,769,3604174530,,,"voice",,
764,,,,770,3604174634,,,"voice",,
765,,,,771,3604570411,,,"voice",,
766,,,,772,3604174875,,,"voice",,
767,,,,776,3604174875,,,"voice",,
768,,,,779,3607964350,,,"voice",,
769,,,,777,3607964350,,,"voice",,
770,,,,778,3607964350,,,"voice",,
771,,,,780,3603731539,,,"voice",,
772,,,,782,3603731539,,,"voice",,
773,,,,781,3605510824,,,"voice",,
774,,,,784,3606834862,,,"voice",,
775,,,,783,3606834862,,,"voice",,
776,,,,785,3607795702,,,"voice",,
777,,,,786,3605333180,,,"voice",,
778,,,,787,3605329237,,,"voice",,
779,,,,788,3604823131,,,"voice",,
780,,,,792,3602493711,,,"voice",,
781,,,,791,3602496070,,,"voice",,
782,,,,790,3602496070,1707,,"voice",,
783,,,,789,3605338765,,,"voice",,
784,,,,795,3605320892,,,"voice",,
785,,,,793,3605320892,,,"voice",,
786,,,,794,3605320892,120,,"voice",,
787,,,,796,3604953107,,,"voice",,
788,,,,797,3602491031,,,"voice",,
789,,,,798,3602764422,,,"voice",,
790,,,,799,3602689197,,,"voice",,
791,,,,800,3606816780,,,"voice",,
792,,,,801,3604177543,,,"voice",,
793,,,,802,3606816780,,,"voice",,
794,,,,803,3603792827,,,"voice",,
795,,,,804,3603792827,,,"voice",,
796,,,,805,3604793853,,,"voice",,
797,,,,806,3603771800,,,"voice",,
798,,,,811,3603852200,2017,,"voice",,
799,,,,815,3603852200,1240,,"voice",,
800,,,,810,3603852200,1230,,"voice",,
801,,,,809,3603852200,2040,,"voice",,
802,,,,807,3603852200,1220,,"voice",,
803,,,,808,3603852200,2040,,"voice",,
804,,,,817,3603852200,,,"voice",,
805,,,,816,8002448917,,,"voice",,
806,,,,812,3603852200,,,"voice",,
807,,,,818,8002272345,,,"voice",,
808,,,,820,3603852200,2017,,"voice",,
809,,,,813,3603852200,3233,,"voice",,
810,,,,824,3603852200,2301,,"voice",,
811,,,,823,3603859961,,,"voice",,
812,,,,814,3603852200,1240,,"voice",,
813,,,,822,3603799259,,,"voice",,
814,,,,819,3603443091,,,"voice",,
815,,,,821,3603852200,2235,,"voice",,
816,,,,841,3603790477,,,"voice",,
817,,,,827,3603853500,,,"voice",,
818,,,,826,3603853500,,,"voice",,
819,,,,832,3603855388,,,"voice",,
820,,,,831,3603855388,,,"voice",,
821,,,,828,3603850610,,,"voice",,
822,,,,829,3603850610,,,"voice",,
823,,,,835,3603798031,5354,,"voice",,
824,,,,834,3603854848,,,"voice",,
825,,,,833,3603854848,,,"voice",,
826,,,,836,3604375067,,,"voice",,
827,,,,825,3603443097,,,"voice",,
828,,,,830,3603855330,,,"voice",,
829,,,,840,3603855444,,,"voice",,
830,,,,839,3607653111,,,"voice",,
831,,,,838,3607653111,,,"voice",,
832,,,,837,3607653111,,,"voice",,
833,,,,842,3604791683,,,"voice",,
834,,,,843,3603853292,,,"voice",,
835,,,,844,3603853292,,,"voice",,
836,,,,845,3605653130,,,"voice",,
837,,,,847,3604735920,,,"voice",,
838,,,,846,3604735241,,,"voice",,
839,,,,851,3604735920,,,"voice",,
840,,,,848,3604732345,,,"voice",,
841,,,,849,3604735369,,,"voice",,
842,,,,850,3604735266,,,"voice",,
843,,,,853,8005929995,,,"voice",,
844,,,,852,3604735375,,,"voice",,
845,,,,855,3604735305,,,"voice",,
846,,,,854,3604735260,,,"voice",,
847,,,,856,3604735316,,,"voice",,
848,,,,857,3604735316,,,"voice",,
849,,,,861,3604172000,,,"voice",,
850,,,,869,3604172588,,,"voice",,
851,,,,859,3604172400,,,"voice",,
852,,,,860,3604172222,,,"voice",,
853,,,,862,3604172233,,,"voice",,
854,,,,863,3604172321,,,"voice",,
855,,,,865,3604172231,,,"voice",,
856,,,,867,3604172560,,,"voice",,
857,,,,866,3604172528,,,"voice",,
858,,,,858,3604172507,,,"voice",,
859,,,,870,3604172301,,,"voice",,
860,,,,872,3604172379,,,"voice",,
861,,,,873,3604172386,,,"voice",,
862,,,,868,3604172217,,,"voice",,
863,,,,864,3604172301,,,"voice",,
864,,,,874,3604172597,,,"voice",,
865,,,,871,3604172560,,,"voice",,
866,,,,875,3603746383,,,"voice",,
867,,,,876,3603746383,,,"voice",,
868,,,,877,3604172291,,,"voice",,
869,,,,878,3604529244,,,"voice",,
870,,,,879,3603855811,,,"voice",,
871,,,,881,3606927729,,,"voice",,
872,,,,880,3606927729,,,"voice",,
873,,,,"#N/A",3606927729,,,"voice",,
874,,,,882,3603742223,,,"voice",,
875,,,,885,3603377101,,,"voice",,
876,,,,886,8005858477,,,"voice",,
877,,,,883,3603377108,,,"voice",,
878,,,,884,3603377101,,,"voice",,
879,,,,888,3603377101,,,"voice",,
880,,,,887,3603377101,,,"voice",,
881,,,,889,3604524545,,,"voice",,
882,,,,890,3604174970,,,"voice",,
883,,,,891,3603852322,,,"voice",,
884,,,,892,3606837227,,,"voice",,
885,,,,893,3606837227,,,"voice",,
886,,,,894,3603731446,,,"voice",,
887,,,,895,3604528568,,,"voice",,
888,,,,898,3604578575,,,"voice",,
889,,,,897,3604529714,,,"voice",,
890,,,,896,3605653745,,,"voice",,
891,,,,906,3604527602,,,"voice",,
892,,,,904,3604529502,,,"voice",,
893,,,,908,3604525590,,,"voice",,
894,,,,899,3604575050,,,"voice",,
895,,,,900,3604579111,,,"voice",,
896,,,,901,3604526819,,,"voice",,
897,,,,903,3604574231,,,"voice",,
898,,,,902,3604525437,,,"voice",,
899,,,,907,3604528973,,,"voice",,
900,,,,905,3605651533,,,"voice",,
901,,,,909,3605310275,,,"voice",,
902,,,,910,3605310275,,,"voice",,
903,,,,911,3609632424,,,"voice",,
904,,,,914,3603963000,,,"voice",,
905,,,,915,3603963008,,,"voice",,
906,,,,913,3607798742,,,"voice",,
907,,,,912,3603963993,,,"voice",,
908,,,,920,3603963100,,,"voice",,
909,,,,918,3603963300,,,"voice",,
910,,,,922,3603963200,,,"voice",,
911,,,,919,3603963400,,,"voice",,
912,,,,917,3603963750,,,"voice",,
913,,,,921,3603963500,,,"voice",,
914,,,,924,3603963850,,,"voice",,
915,,,,916,3603963700,,,"voice",,
916,,,,925,3603963600,,,"voice",,
917,,,,923,3603963800,,,"voice",,
918,,,,928,3603794501,,,"voice",,
919,,,,926,3603794366,,,"voice",,
920,,,,929,3603794501,,,"voice",,
921,,,,927,3603794513,,,"voice",,
922,,,,932,3603794520,,,"voice",,
923,,,,930,3603794540,,,"voice",,
924,,,,931,3603794535,,,"voice",,
925,,,,933,3607653321,,,"voice",,
926,,,,935,3607653321,,,"voice",,
927,,,,934,3607653321,,,"voice",,
928,,,,936,3606831205,,,"voice",,
929,,,,939,3605823260,,,"voice",,
930,,,,937,3605823260,,,"voice",,
931,,,,938,3605823400,,,"voice",,
932,,,,942,3605823200,,,"voice",,
933,,,,941,3605823200,,,"voice",,
934,,,,940,3605823300,,,"voice",,
935,,,,945,3605823500,,,"voice",,
936,,,,944,3605823600,,,"voice",,
937,,,,943,3605823403,,,"voice",,
938,,,,947,3608747000,,,"voice",,
939,,,,946,3608747064,,,"voice",,
940,,,,948,3604433110,,,"voice",,
941,,,,951,3604433170,,,"voice",,
942,,,,953,3604433050,,,"voice",,
943,,,,956,3604433230,,,"voice",,
944,,,,959,3604433290,,,"voice",,
945,,,,960,3604433350,,,"voice",,
946,,,,961,3604433530,,,"voice",,
947,,,,962,3604433400,,,"voice",,
948,,,,963,3604433000,,,"voice",,
949,,,,965,3604433470,,,"voice",,
950,,,,949,3608746020,,,"voice",,
951,,,,954,3608746090,,,"voice",,
952,,,,958,3608746160,,,"voice",,
953,,,,957,3608747054,,,"voice",,
954,,,,964,3608745600,,,"voice",,
955,,,,950,3604433680,,,"voice",,
956,,,,952,3604433605,,,"voice",,
957,,,,955,3604433625,,,"voice",,
958,,,,966,3604172459,,,"voice",,
959,,,,969,3604172376,,,"voice",,
960,,,,967,3604172262,,,"voice",,
961,,,,968,3604172459,,,"voice",,
962,,,,970,3604172458,,,"voice",,
963,,,,971,3604578206,,,"voice",,
964,,,,972,3604525226,,,"voice",,
965,,,,973,3604578206,,,"voice",,
966,,,,977,3606926977,,,"voice",,
967,,,,976,911,,,"voice","911       ",
968,,,,975,3606926977,3,,"voice",,
969,,,,979,3606926977,2,,"voice",,
970,,,,980,3606926977,5,,"voice",,
971,,,,974,3606926977,3,,"voice",,
972,,,,978,3606926977,3,,"voice",,
973,,,,981,3607793113,,,"voice",,
974,,,,982,2067802835,,,"voice",,
975,,,,984,3604523300,,,"voice",,
976,,,,983,3604523300,,,"voice",,
977,,,,986,3606818725,,,"voice",,
978,,,,985,3606818725,,,"voice",,
979,,,,987,3604735380,,,"voice",,
980,,,,988,2068421909,8,,"voice",,
981,,,,992,2068421909,2,,"voice",,
982,,,,991,2068421909,8,,"voice",,
983,,,,990,2068421909,8,,"voice",,
984,,,,993,2068421909,7,,"voice",,
985,,,,989,2068421909,7,,"voice",,
986,,,,994,8007690045,,,"voice",,
987,,,,997,8007690045,,,"voice",,
988,,,,996,8007690045,,,"voice",,
989,,,,995,8007690045,,,"voice",,
990,,,,1003,3603859400,,,"voice",,
991,,,,1000,3603859400,,,"voice",,
992,,,,999,3603859400,,,"voice",,
993,,,,1006,3603859400,,,"voice",,
994,,,,1008,3603859400,,,"voice",,
995,,,,1009,3603859400,,,"voice",,
996,,,,1002,3603859400,,,"voice",,
997,,,,998,3603859400,,,"voice",,
998,,,,1005,3603859400,,,"voice",,
999,,,,1011,3603859400,,,"voice",,
1000,,,,1012,3603859400,,,"voice",,
1001,,,,1001,3603859444,,,"voice",,
1002,,,,1010,3603859400,,,"voice",,
1003,,,,1007,3603859400,,,"voice",,
1004,,,,1004,3603859444,,,"voice",,
1005,,,,1014,3603859400,,,"voice",,
1006,,,,1013,3603859400,,,"voice",,
1007,,,,1016,3603859400,,,"voice",,
1008,,,,1015,3607653014,,,"voice",,
1009,,,,1017,3603859400,,,"voice",,
1010,,,,1018,3604172332,,,"voice",,
1011,,,,1019,3604172328,,,"voice",,
1012,,,,1020,3603743121,,,"voice",,
1013,,,,1022,3603743121,,,"voice",,
1014,,,,1021,3603743121,,,"voice",,
1015,,,,1024,3604172274,,,"voice",,
1016,,,,1023,3604172274,,,"voice",,
1017,,,,1026,3604172274,,,"voice",,
1018,,,,1027,3604172274,,,"voice",,
1019,,,,1025,3604172274,,,"voice",,
1020,,,,1028,3603377157,,,"voice",,
1021,,,,1029,3603374651,,,"voice",,
1022,,,,1030,3603377158,,,"voice",,
1023,,,,1031,3603377170,,,"voice",,
1024,,,,1033,3604754000,,,"voice",,
1025,,,,1032,3604754286,,,"voice",,
1026,,,,1035,8004044506,,,"voice",,
1027,,,,1034,3604754219,,,"voice",,
1028,,,,1036,3603154391,,,"voice",,
1029,,,,1037,8003442666,,,"voice",,
1030,,,,1038,3603850266,,,"voice",,
1031,,,,1039,3604524212,,,"voice",,
1032,,,,1042,3606831109,,,"voice",,
1033,,,,1040,3606813400,,,"voice",,
1034,,,,1043,3606814635,,,"voice",,
1035,,,,1041,3606814600,,,"voice",,
1036,,,,1044,3606835900,,,"voice",,
1037,,,,1045,3603852626,,,"voice",,
1038,,,,1046,3603852626,,,"voice",,
1039,,,,1047,3603852626,,,"voice",,
1040,,,,1048,3603852626,,,"voice",,
1041,,,,1049,3606272041,,,"voice",,
1042,,,,1050,3605355937,,,"voice",,
1043,,,,1057,3607791963,,,"voice",,
1044,,,,1058,3607791963,,,"voice",,
1045,,,,1055,3608767215,,,"voice",,
1046,,,,1056,3608767215,,,"voice",,
1047,,,,1052,3604782368,,,"voice",,
1048,,,,1053,3603773776,,,"voice",,
1049,,,,1054,3603773776,,,"voice",,
1050,,,,1051,8664181002,,,"voice",,
1051,,,,1059,3606163100,,,"voice",,
1052,,,,1060,3606163100,,,"voice",,
1053,,,,1062,3604523811,,,"voice",,
1054,,,,1064,3604523811,,,"voice",,
1055,,,,1063,3604523811,,,"voice",,
1056,,,,1061,3604523811,,,"voice",,
1057,,,,1065,3603854777,,,"voice",,
1058,,,,1067,3603854777,,,"voice",,
1059,,,,1068,3603854777,,,"voice",,
1060,,,,1066,3603854777,,,"voice",,
1061,,,,1070,3603770106,,,"voice",,
1062,,,,1069,3603770106,2,,"voice",,
1063,,,,1071,3604528994,4,,"voice",,
1064,,,,1072,3604528994,4,,"voice",,
1065,,,,1073,3604575251,,,"voice",,
1066,,,,1074,3603739400,,,"voice",,
1067,,,,1075,3603735393,,,"voice",,
1068,,,,1077,3603375734,,,"voice",,
1069,,,,1076,3608715726,,,"voice",,
1070,,,,1078,8775012233,,,"voice",,
1071,,,,1080,8775012233,,,"voice",,
1072,,,,1082,8775012233,,,"voice",,
1073,,,,1081,8775012233,,,"voice",,
1074,,,,1079,8005623022,,,"voice",,
1075,,,,1083,8775012233,,,"voice",,
1076,,,,1085,8775012233,,,"voice",,
1077,,,,1087,8775012233,,,"voice",,
1078,,,,1086,8775012233,,,"voice",,
1079,,,,1084,8005623022,,,"voice",,
1080,,,,1088,8775012233,,,"voice",,
1081,,,,1090,8775012233,,,"voice",,
1082,,,,1092,8775012233,,,"voice",,
1083,,,,1091,8775012233,,,"voice",,
1084,,,,1089,8005623022,,,"voice",,
1085,,,,1093,8775012233,,,"voice",,
1086,,,,1095,8775012233,,,"voice",,
1087,,,,1097,8775012233,,,"voice",,
1088,,,,1096,8775012233,,,"voice",,
1089,,,,1094,8005623022,,,"voice",,
1090,,,,1098,3604050072,,,"voice",,
1091,,,,1099,3604050072,,,"voice",,
1092,,,,1102,3607922020,,,"voice",,
1093,,,,1103,3607922066,,,"voice",,
1094,,,,1104,3607922117,,,"voice",,
1095,,,,1100,3603730638,,,"voice",,
1096,,,,1101,3604732035,,,"voice",,
1097,,,,1105,3604172385,,,"voice",,
1098,,,,1107,3603746271,169,,"voice",,
1099,,,,1106,3603746271,117,,"voice",,
1100,,,,1109,3603746998,,,"voice",,
1101,,,,1108,3603746998,,,"voice",,
1102,,,,1110,3603746998,,,"voice",,
1103,,,,1111,3605823796,,,"voice",,
1104,,,,1112,3605823796,,,"voice",,
1105,,,,1113,3603742503,,,"voice",,
1106,,,,1114,3604527631,,,"voice",,
1107,,,,1115,3604527631,,,"voice",,
1108,,,,1116,3603792565,,,"voice",,
1109,,,,1117,3603745604,,,"voice",,
1110,,,,1118,3603745604,,,"voice",,
1111,,,,1120,8008583747,,,"voice",,
1112,,,,1121,8008583747,,,"voice",,
1113,,,,1119,3604524511,,,"voice",,
1114,,,,1123,3603732502,,,"voice",,
1115,,,,1122,3603732502,,,"voice",,
1116,,,,1124,3602973619,,,"voice",,
1117,,,,1125,8007690045,,,"voice",,
1118,,,,1128,8007690045,,,"voice",,
1119,,,,1127,8007690045,,,"voice",,
1120,,,,1126,8007690045,,,"voice",,
1121,,,,1129,8007690045,,,"voice",,
1122,,,,1131,8007690045,,,"voice",,
1123,,,,1130,8007690045,,,"voice",,
1124,,,,1133,3604578355,,,"voice",,
1125,,,,1135,3604578355,,,"voice",,
1126,,,,1137,3604578355,,,"voice",,
1127,,,,1139,3604578355,,,"voice",,
1128,,,,1141,3604578355,,,"voice",,
1129,,,,1140,3604578355,,,"voice",,
1130,,,,1144,3604578355,,,"voice",,
1131,,,,1136,3604578355,,,"voice",,
1132,,,,1142,3604578355,,,"voice",,
1133,,,,1134,3604578355,,,"voice",,
1134,,,,1138,3604578355,,,"voice",,
1135,,,,1132,3604578355,,,"voice",,
1136,,,,1143,3604578355,,,"voice",,
1137,,,,1145,3604778327,,,"voice",,
1138,,,,1150,3606985378,,,"voice",,
1139,,,,1151,3606986776,,,"voice",,
1140,,,,1148,3606986776,,,"voice",,
1141,,,,1147,3606986776,,,"voice",,
1142,,,,1149,3606986776,,,"voice",,
1143,,,,1146,3606986776,,,"voice",,
1144,,,,1156,3608740579,,,"voice",,
1145,,,,1155,3604794013,,,"voice",,
1146,,,,1153,3603733692,,,"voice",,
1147,,,,1154,3603733692,,,"voice",,
1148,,,,1152,3603733692,,,"voice",,
1149,,,,1157,3604786887,,,"voice",,
1150,,,,1158,3604055822,,,"voice",,
1151,,,,1160,3603746582,,,"voice",,
1152,,,,1159,3603744280,,,"voice",,
1153,,,,1161,3603746582,,,"voice",,
1154,,,,1164,3603732536,,,"voice",,
1155,,,,1162,3604799023,,,"voice",,
1156,,,,1163,3603732536,,,"voice",,
1157,,,,1165,3603791071,,,"voice",,
1158,,,,1166,3603794716,,,"voice",,
1159,,,,1167,8004222877,,,"voice",,
1160,,,,1170,3603772877,,,"voice",,
1161,,,,1169,3603772877,,,"voice",,
1162,,,,1168,3603772877,,,"voice",,
1163,,,,1171,2068424441,,,"voice",,
1164,,,,1172,3603795610,208,,"voice",,
1165,,,,1173,3603795610,,,"voice",,
1166,,,,1174,3603374879,,,"voice",,
1167,,,,1176,3603374878,,,"voice",,
1168,,,,1177,3604433579,,,"voice",,
1169,,,,1175,3606621726,,,"voice",,
1170,,,,1178,3603946916,,,"voice",,
1171,,,,1179,3609937954,,,"voice",,
1172,,,,1180,3603375466,,,"voice",,
1173,,,,1181,3604528471,,,"voice",,
1174,,,,1182,3604528471,136,,"voice",,
1175,,,,1185,3604526759,,,"voice",,
1176,,,,1183,3604528471,237,,"voice",,
1177,,,,1184,3604528471,150,,"voice",,
1178,,,,1186,3604528471,,,"voice",,
1179,,,,1190,3604526252,,,"voice",,
1180,,,,1187,3604523562,,,"voice",,
1181,,,,1194,3604524432,,,"voice",,
1182,,,,1193,3604524432,,,"voice",,
1183,,,,1192,3604475116,,,"voice",,
1184,,,,1188,3604526252,,,"voice",,
1185,,,,1191,3604178545,,,"voice",,
1186,,,,1189,3604522587,,,"voice",,
1187,,,,1195,3604520414,,,"voice",,
1188,,,,1196,3606834697,,,"voice",,
1189,,,,1200,3603857263,,,"voice",,
1190,,,,1197,3604379085,,,"voice",,
1191,,,,1199,3603853950,,,"voice",,
1192,,,,1201,3607320908,,,"voice",,
1193,,,,1203,3603737043,,,"voice",,
1194,,,,1204,3603737043,,,"voice",,
1195,,,,1202,3603737043,,,"voice",,
1196,,,,1205,3604574431,,,"voice",,
1197,,,,1206,3604603007,,,"voice",,
1198,,,,1207,3607799727,,,"voice",,
1199,,,,1209,3604763711,,,"voice",,
1200,,,,1208,3604766872,,,"voice",,
1201,,,,1210,3604764882,,,"voice",,
1202,,,,1211,3606274031,,,"voice",,
1203,,,,1214,3603966111,,,"voice",,
1204,,,,1213,3603964444,,,"voice",,
1205,,,,1212,3603164346,,,"voice",,
1206,,,,1215,3603964665,,,"voice",,
1207,,,,1216,3606274046,,,"voice",,
1208,,,,1219,3603962583,,,"voice",,
1209,,,,1218,3604762183,,,"voice",,
1210,,,,1217,3603966005,,,"voice",,
1211,,,,1220,3604528024,,,"voice",,
1212,,,,1221,3604573954,,,"voice",,
1213,,,,1225,3604570431,,,"voice",,
1214,,,,1226,3604570431,,,"voice",,
1215,,,,1227,3604570431,122,,"voice",,
1216,,,,1223,3604570431,,,"voice",,
1217,,,,1222,3604570431,,,"voice",,
1218,,,,1224,3604570431,,,"voice",,
1219,,,,1228,3604523831,,,"voice",,
1220,,,,1231,3606810585,,,"voice",,
1221,,,,1230,3604570431,,,"voice",,
1222,,,,1229,3604570431,,,"voice",,
1223,,,,1232,8005255637,,,"voice",,
1224,,,,1234,3602972646,,,"voice",,
1225,,,,1236,3602976339,,,"voice",,
1226,,,,1235,3602972646,,,"voice",,
1227,,,,1233,3602979665,,,"voice",,
1228,,,,1241,3602972840,,,"voice",,
1229,,,,1240,3602976326,,,"voice",,
1230,,,,1239,3602976326,,,"voice",,
1231,,,,1238,3602979662,,,"voice",,
1232,,,,1237,3602973888,,,"voice",,
1233,,,,1248,3603746163,,,"voice",,
1234,,,,1243,3603744306,,,"voice",,
1235,,,,1244,3603744340,,,"voice",,
1236,,,,1245,3603745110,,,"voice",,
1237,,,,1242,3603744317,,,"voice",,
1238,,,,1247,3603744179,,,"voice",,
1239,,,,1246,3603749020,,,"voice",,
1240,,,,1250,3603749035,,,"voice",,
1241,,,,1252,3603745173,,,"voice",,
1242,,,,1251,3603744320,,,"voice",,
1243,,,,1249,3603746984,,,"voice",,
1244,,,,1253,3603744305,,,"voice",,
1245,,,,1254,3605829309,,,"voice",,
1246,,,,1255,3604175840,,,"voice",,
1247,,,,1256,3608747975,,,"voice",,
1248,,,,1257,3606929263,,,"voice",,
1249,,,,1258,8007721213,,,"voice",,
1250,,,,1262,8007721213,,,"voice",,
1251,,,,1263,8773805784,,,"voice",,
1252,,,,1261,8007721213,,,"voice",,
1253,,,,1260,8006334227,,,"voice",,
1254,,,,1259,8006334227,,,"voice",,
1255,,,,1264,3606813731,,,"voice",,
1256,,,,1265,3608763901,,,"voice",,
1257,,,,1266,3604750756,,,"voice",,
1258,,,,1267,3603854980,,,"voice",,
1259,,,,1270,3603374810,,,"voice",,
1260,,,,1269,3603374756,,,"voice",,
1261,,,,1271,3603374810,,,"voice",,
1262,,,,1268,3603374806,,,"voice",,
1263,,,,1274,3604579407,,,"voice",,
1264,,,,1273,3605652001,,,"voice",,
1265,,,,1272,3604572149,,,"voice",,
1266,,,,1276,3603794401,,,"voice",,
1267,,,,1275,3603795042,,,"voice",,
1268,,,,1279,3605983311,,,"voice",,
1269,,,,1281,3603948473,,,"voice",,
1270,,,,1277,3603948466,,,"voice",,
1271,,,,1278,3603948515,,,"voice",,
1272,,,,1286,3603948558,,,"voice",,
1273,,,,1285,3603948490,,,"voice",,
1274,,,,1284,3603948558,,,"voice",,
1275,,,,1287,3603948558,,,"voice",,
1276,,,,1283,3603948566,,,"voice",,
1277,,,,1282,3603948578,,,"voice",,
1278,,,,1288,3606923580,,,"voice",,
1279,,,,1290,3604730556,,,"voice",,
1280,,,,1289,3604730577,,,"voice",,
1281,,,,1295,3608769430,,,"voice",,
1282,,,,1294,3603770865,,,"voice",,
1283,,,,1293,3606020435,,,"voice",,
1284,,,,1292,3608769430,,,"voice",,
1285,,,,1291,3608769430,,,"voice",,
1286,,,,1296,3607799929,,,"voice",,
1287,,,,1297,3607799929,,,"voice",,
1288,,,,1298,3603745011,,,"voice",,
1289,,,,1299,3603745011,,,"voice",,
1290,,,,1301,3603745011,,,"voice",,
1291,,,,1300,3603745011,,,"voice",,
1292,,,,1303,3607794191,,,"voice",,
1293,,,,1302,3607795190,,,"voice",,
1294,,,,1305,3607795190,,,"voice",,
1295,,,,1304,3607795190,,,"voice",,
1296,,,,1306,3605985190,,,"voice",,
1297,,,,1307,3603745561,,,"voice",,
1298,,,,1308,3604174655,,,"voice",,
1299,,,,1309,3606834242,,,"voice",,
1300,,,,1310,2068427686,,,"voice",,
1301,,,,1312,2068427686,,,"voice",,
1302,,,,1311,2068427686,,,"voice",,
1303,,,,1313,3607793997,,,"voice",,
1304,,,,1314,3608712411,,,"voice",,
1305,,,,1315,3608761700,,,"voice",,
1306,,,,1316,3608761700,,,"voice",,
1307,,,,1318,3606378563,,,"voice",,
1308,,,,1320,3606378563,118,,"voice",,
1309,,,,1319,3606378563,,,"voice",,
1310,,,,1317,3606378563,,,"voice",,
1311,,,,1321,3605339232,,,"voice",,
1312,,,,1332,3607446610,,,"voice",,
1313,,,,1325,3607443911,,,"voice",,
1314,,,,1324,3607446604,,,"voice",,
1315,,,,1326,3603773911,,,"voice",,
1316,,,,1336,3607926570,,,"voice",,
1317,,,,1335,3604756530,,,"voice",,
1318,,,,1331,3607446910,,,"voice",,
1319,,,,1329,3607446812,,,"voice",,
1320,,,,1337,3607444990,,,"voice",,
1321,,,,1330,8002272345,,,"voice",,
1322,,,,1327,3607446750,,,"voice",,
1323,,,,1333,8774264701,,,"voice",,
1324,,,,1322,3607446920,,,"voice",,
1325,,,,1334,8668449355,,,"voice",,
1326,,,,1328,3604717827,,,"voice",,
1327,,,,1323,3603077198,,,"voice",,
1328,,,,1353,3607448800,,,"voice",,
1329,,,,1350,3603378959,,,"voice",,
1330,,,,1354,3603378800,,,"voice",,
1331,,,,1358,3607448980,,,"voice",,
1332,,,,1362,3607441361,,,"voice",,
1333,,,,1363,3607448980,,,"voice",,
1334,,,,1349,3607446685,,,"voice",,
1335,,,,1357,3607446765,,,"voice",,
1336,,,,1356,3606893338,,,"voice",,
1337,,,,1359,3603378904,,,"voice",,
1338,,,,1361,3607443485,,,"voice",,
1339,,,,1355,3605987500,,,"voice",,
1340,,,,1352,3607446910,,,"voice",,
1341,,,,1360,3607446787,,,"voice",,
1342,,,,1351,3605987500,,,"voice",,
1343,,,,1347,3607446220,,,"voice",,
1344,,,,1348,3607446275,,,"voice",,
1345,,,,1346,3607446250,,,"voice",,
1346,,,,1345,3602772975,,,"voice",,
1347,,,,1344,3602772950,,,"voice",,
1348,,,,1366,3607441300,,,"voice",,
1349,,,,1338,3603378200,,,"voice",,
1350,,,,1343,2068557550,,,"voice",,
1351,,,,1342,2068557600,,,"voice",,
1352,,,,1341,3605987500,,,"voice",,
1353,,,,1339,8002272345,,,"voice",,
1354,,,,1340,3605987500,,,"voice",,
1355,,,,1365,3607448980,,,"voice",,
1356,,,,1364,3608956220,,,"voice",,
1357,,,,1367,3604796188,,,"voice",,
1358,,,,1368,3604056860,,,"voice",,
1359,,,,1369,3608712800,,,"voice",,
1360,,,,1372,2068429949,,,"voice",,
1361,,,,1371,2068429949,,,"voice",,
1362,,,,1370,2068429949,,,"voice",,
1363,,,,1374,2068429949,,,"voice",,
1364,,,,1373,2068429949,,,"voice",,
1365,,,,1375,3607793624,,,"voice",,
1366,,,,1376,3606491964,,,"voice",,
1367,,,,1379,3606984860,,,"voice",,
1368,,,,1377,3606984860,,,"voice",,
1369,,,,1378,3606987511,,,"voice",,
1370,,,,1380,3608951955,,,"voice",,
1371,,,,1382,3607791006,,,"voice",,
1372,,,,1381,3607791006,,,"voice",,
1373,,,,1383,2069031232,,,"voice",,
1374,,,,1384,2068185830,,,"voice",,
1375,,,,1385,3603080010,,,"voice",,
1376,,,,1386,3603080010,,,"voice",,
1377,,,,1387,3603078700,,,"voice",,
1378,,,,1390,3605361033,,,"voice",,
1379,,,,1388,3605361033,,,"voice",,
1380,,,,1389,3605361033,,,"voice",,
1381,,,,1391,3608762322,,,"voice",,
1382,,,,1392,3606989258,,,"voice",,
1383,,,,1399,3606989258,,,"voice",,
1384,,,,1394,3606989258,,,"voice",,
1385,,,,1397,3606989258,,,"voice",,
1386,,,,1398,3606899258,,,"voice",,
1387,,,,1393,3606989258,,,"voice",,
1388,,,,1395,3606989258,,,"voice",,
1389,,,,1396,3606989258,,,"voice",,
1390,,,,1400,3606989258,,,"voice",,
1391,,,,1406,3606989258,,,"voice",,
1392,,,,1401,3606989258,,,"voice",,
1393,,,,1404,3606989258,,,"voice",,
1394,,,,1405,3606989258,,,"voice",,
1395,,,,1402,3606989258,,,"voice",,
1396,,,,1403,3606989258,,,"voice",,
1397,,,,1407,2068425557,,,"voice",,
1398,,,,1408,3604522602,,,"voice",,
1399,,,,1409,3607799288,,,"voice",,
1400,,,,1410,3603792830,,,"voice",,
1401,,,,1411,3608765483,,,"voice",,
1402,,,,1412,3603798821,,,"voice",,
1403,,,,1413,3608764609,,,"voice",,
1404,,,,1414,3603790333,,,"voice",,
1405,,,,1415,3606927001,,,"voice",,
1406,,,,1416,8007721213,,,"voice",,
1407,,,,1420,8007721213,,,"voice",,
1408,,,,1419,8007721213,,,"voice",,
1409,,,,1421,8007721213,,,"voice",,
1410,,,,1418,8006334227,,,"voice",,
1411,,,,1417,8006334227,,,"voice",,
1412,,,,1422,3605093656,,,"voice",,
1413,,,,1423,2068420664,,,"voice",,
1414,,,,1425,3604791788,,,"voice",,
1415,,,,1424,3604798500,,,"voice",,
1416,,,,1426,3604791788,,,"voice",,
1417,,,,1430,3604269781,,,"voice",,
1418,,,,1427,3604269781,,,"voice",,
1419,,,,1428,3604269781,,,"voice",,
1420,,,,1432,3604269781,,,"voice",,
1421,,,,1431,3604269781,,,"voice",,
1422,,,,1429,3604269781,,,"voice",,
1423,,,,1433,3604822674,,,"voice",,
1424,,,,1434,3604261582,,,"voice",,
1425,,,,1435,2068424521,,,"voice",,
1426,,,,1436,2062510236,,,"voice",,
1427,,,,1437,3606923029,,,"voice",,
1428,,,,1438,3603795109,,,"voice",,
1429,,,,1439,3603778171,,,"voice",,
1430,,,,1440,3604175640,,,"voice",,
1431,,,,1442,3604175640,,,"voice",,
1432,,,,1441,3604175640,,,"voice",,
1433,,,,1443,3604175420,,,"voice",,
1434,,,,1444,3608740444,,,"voice",,
1435,,,,1446,3606984611,,,"voice",,
1436,,,,1445,3606984611,,,"voice",,
1437,,,,1447,3608131451,,,"voice",,
1438,,,,1448,3608765483,,,"voice",,
1439,,,,1449,3606971445,,,"voice",,
1440,,,,1450,3603857760,,,"voice",,
1441,,,,1451,3603944568,,,"voice",,
1442,,,,1452,3604265533,,,"voice",,
1443,,,,1453,3602978004,,,"voice",,
1444,,,,1454,3606929524,,,"voice",,
1445,,,,1455,3604571610,,,"voice",,
1446,,,,1457,3603734077,,,"voice",,
1447,,,,1456,3603734077,,,"voice",,
1448,,,,1458,3603853866,,,"voice",,
1449,,,,1459,3606810700,,,"voice",,
1450,,,,1460,3606810700,,,"voice",,
1451,,,,1462,3604575414,,,"voice",,
1452,,,,1461,3604575414,,,"voice",,
1453,,,,1463,3605321254,,,"voice",,
1454,,,,1464,3605326429,,,"voice",,
1455,,,,1465,3606376042,,,"voice",,
1456,,,,1466,3606424421,,,"voice",,
1457,,,,1467,3606423416,,,"voice",,
1458,,,,1468,3604824610,,,"voice",,
1459,,,,1469,3608775186,,,"voice",,
1460,,,,1470,3604261822,,,"voice",,
1461,,,,1471,3608779882,,,"voice",,
1462,,,,1472,3602756711,,,"voice",,
1463,,,,1473,3602754483,,,"voice",,
1464,,,,1474,3604267222,,,"voice",,
1465,,,,1475,3604277426,,,"voice",,
1466,,,,1476,3604279670,313,,"voice",,
1467,,,,1477,3604953863,,,"voice",,
1468,,,,1478,3602494851,,,"voice",,
1469,,,,1479,3602893611,,,"voice",,
1470,,,,1480,3602893331,,,"voice",,
1471,,,,1482,3608759397,,,"voice",,
1472,,,,1483,911,,,"voice","911       ",
1473,,,,1481,3608759396,,,"voice",,
1474,,,,1484,3606429403,,,"voice",,
1475,,,,1485,3609424144,,,"voice",,
1476,,,,1486,3609424120,,,"voice",,
1477,,,,1487,3604264441,,,"voice",,
1478,,,,1488,3608755571,,,"voice",,
1479,,,,1489,3608755444,,,"voice",,
1480,,,,1490,3608984871,,,"voice",,
1481,,,,1491,3602689235,,,"voice",,
1482,,,,1492,8008434793,,,"voice",,
1483,,,,1494,8002738255,,,"voice",,
1484,,,,1493,3604793033,,,"voice",,
1485,,,,1496,3606831936,,,"voice",,
1486,,,,1497,3604577933,,,"voice",,
1487,,,,1498,8007332767,,,"voice",,
1488,,,,1495,3604577933,,,"voice",,
1489,,,,1500,3607970224,,,"voice",,
1490,,,,1501,3603852737,,,"voice",,
1491,,,,1502,3603852737,,,"voice",,
1492,,,,1499,3603852737,,,"voice",,
1493,,,,1503,8052606471,,,"voice",,
1494,,,,1504,3605338820,,,"voice",,
1495,,,,1505,3605338820,,,"voice",,
1496,,,,1506,3605338820,,,"voice",,
1497,,,,1508,3602493911,,,"voice",,
1498,,,,1507,3602493911,287,,"voice",,
1499,,,,1509,3602491575,,,"voice",,
1500,,,,1510,3608759340,,,"voice",,
1501,,,,1511,3606429340,,,"voice",,
1502,,,,1512,3604954006,,,"voice",,
1503,,,,1513,3604272575,,,"voice",,
1504,,,,1515,3604272575,,,"voice",,
1505,,,,1514,3604272575,,,"voice",,
1506,,,,1516,8004357276,,,"voice",,
1507,,,,1517,8004357276,,,"voice",,
1508,,,,1519,8004357276,,,"voice",,
1509,,,,1518,3608756702,,,"voice",,
1510,,,,1522,3604402376,,,"voice",,
1511,,,,1520,3604402376,,,"voice",,
1512,,,,1521,3604402376,,,"voice",,
1513,,,,1523,3606160479,,,"voice",,
1514,,,,1524,3603793246,,,"voice",,
1515,,,,1525,3603791325,,,"voice",,
1516,,,,1527,3604264999,,,"voice",,
1517,,,,1526,8607369634,,,"voice",,
1518,,,,1528,3604264999,,,"voice",,
1519,,,,1531,8003001247,,,"voice",,
1520,,,,1533,8003001247,,,"voice",,
1521,,,,1532,8003001247,,,"voice",,
1522,,,,1530,8004242246,,,"voice",,
1523,,,,1529,8003001247,,,"voice",,
1524,,,,1534,8884499048,,,"voice",,
1525,,,,1535,8884499048,,,"voice",,
1526,,,,1536,3604178500,,,"voice",,
1527,,,,1539,3606831161,,,"voice",,
1528,,,,1538,3603746402,,,"voice",,
1529,,,,1537,3609632414,,,"voice",,
1530,,,,1540,3604524726,,,"voice",,
1531,,,,1542,3604524726,,,"voice",,
1532,,,,1543,3604524726,,,"voice",,
1533,,,,1546,3604524726,,,"voice",,
1534,,,,1545,3604524726,,,"voice",,
1535,,,,1541,3604524726,,,"voice",,
1536,,,,1544,3604524726,,,"voice",,
1537,,,,1548,3603746193,,,"voice",,
1538,,,,1549,3603746193,,,"voice",,
1539,,,,1550,3603746193,,,"voice",,
1540,,,,1551,3603746193,,,"voice",,
1541,,,,1552,3603746193,,,"voice",,
1542,,,,1554,3603746193,,,"voice",,
1543,,,,1555,3603746193,,,"voice",,
1544,,,,1559,3606836006,,,"voice",,
1545,,,,1557,3604576801,,,"voice",,
1546,,,,1556,3604576801,,,"voice",,
1547,,,,1558,3604571771,,,"voice",,
1548,,,,1560,3604576219,,,"voice",,
1549,,,,1562,3604521511,,,"voice",,
1550,,,,1561,3604521511,,,"voice",,
1551,,,,1563,3604521511,,,"voice",,
1552,,,,1565,3606272187,,,"voice",,
1553,,,,1567,3606272187,,,"voice",,
1554,,,,1566,3606272187,,,"voice",,
1555,,,,1564,3606272187,,,"voice",,
1556,,,,1569,3603966704,,,"voice",,
1557,,,,1570,3603966704,,,"voice",,
1558,,,,1568,3603966704,,,"voice",,
1559,,,,1571,3608719136,,,"voice",,
1560,,,,1572,3604793579,,,"voice",,
1561,,,,1573,2068429675,,,"voice",,
1562,,,,1574,3605040231,,,"voice",,
1563,,,,1575,3608748270,,,"voice",,
1564,,,,1576,8884938198,,,"voice",,
1565,,,,1583,3603749340,,,"voice",,
1566,,,,1580,3603749024,,,"voice",,
1567,,,,1578,3603749024,,,"voice",,
1568,,,,1577,8884938198,,,"voice",,
1569,,,,1582,3604522396,,,"voice",,
1570,,,,1584,3603749430,,,"voice",,
1571,,,,1581,3603749340,,,"voice",,
1572,,,,1579,3603749340,,,"voice",,
1573,,,,1585,3603749340,,,"voice",,
1574,,,,1588,3604522396,,,"voice",,
1575,,,,1587,3604522396,,,"voice",,
1576,,,,1586,3604522396,,,"voice",,
1577,,,,1589,3604522396,,,"voice",,
1578,,,,1591,3603791315,,,"voice",,
1579,,,,1590,3603791315,,,"voice",,
1580,,,,1592,3604262455,,,"voice",,
1581,,,,1596,3604624439,,,"voice",,
1582,,,,1594,3604624439,,,"voice",,
1583,,,,1593,3604624439,,,"voice",,
1584,,,,1595,3604624439,,,"voice",,
1585,,,,1597,3603776113,,,"voice",,
1586,,,,1599,3602681455,,,"voice",,
1587,,,,1598,3602681455,,,"voice",,
1588,,,,1600,3605321420,,,"voice",,
1589,,,,1601,3605328631,,,"voice",,
1590,,,,1603,3605328631,,,"voice",,
1591,,,,1602,3605328631,,,"voice",,
1592,,,,1605,3605328631,,,"voice",,
1593,,,,1604,3605328631,,,"voice",,
1594,,,,1606,3605328631,,,"voice",,
1595,,,,1607,3605328631,,,"voice",,
1596,,,,1608,3605328631,,,"voice",,
1597,,,,1609,3602682385,,,"voice",,
1598,,,,1610,3604521253,,,"voice",,
1599,,,,1611,3603796477,,,"voice",,
1600,,,,1613,3607324822,,,"voice",,
1601,,,,1615,3607320383,,,"voice",,
1602,,,,1617,3607324822,,,"voice",,
1603,,,,1612,3607324822,,,"voice",,
1604,,,,1616,3607324822,,,"voice",,
1605,,,,1614,3607324822,,,"voice",,
1606,,,,1618,3603733487,,,"voice",,
1607,,,,1619,3603770164,,,"voice",,
1608,,,,1620,3604154000,,,"voice",,
1609,,,,1621,3604154000,,,"voice",,
1610,,,,1622,3604154000,,,"voice",,
1611,,,,1623,3603734173,,,"voice",,
1612,,,,1624,3604794756,,,"voice",,
1613,,,,1625,3605984334,,,"voice",,
1614,,,,1626,3603854268,,,"voice",,
1615,,,,1627,3603792630,,,"voice",,
1616,,,,1628,3606893219,,,"voice",,
1617,,,,1629,3604730300,,,"voice",,
1618,,,,1633,3604327581,,,"voice",,
1619,,,,1630,3605339332,,,"voice",,
1620,,,,1631,3604843130,,,"voice",,
1621,,,,1632,3604171738,,,"voice",,
1622,,,,1635,3603775454,,,"voice",,
1623,,,,1636,3603775454,,,"voice",,
1624,,,,1634,3603775454,,,"voice",,
1625,,,,1637,3603775454,,,"voice",,
1626,,,,1638,3603775454,102,,"voice",,
1627,,,,1639,8664393064,,,"voice",,
1628,,,,1640,3603793500,,,"voice",,
1629,,,,1641,3603793500,,,"voice",,
1630,,,,1642,3603779032,,,"voice",,
1631,,,,1644,3604172282,,,"voice",,
1632,,,,1643,3604172421,,,"voice",,
1633,,,,1645,3604172282,,,"voice",,
1634,,,,1647,3603944020,,,"voice",,
1635,,,,1649,3607797500,,,"voice",,
1636,,,,1646,8008487097,,,"voice",,
1637,,,,1648,3603944030,,,"voice",,
1638,,,,1650,3603944019,,,"voice",,
1639,,,,1651,3608759343,,,"voice",,
1640,,,,1658,3608759343,,,"voice",,
1641,,,,1660,3608759343,,,"voice",,
1642,,,,1657,3608759343,,,"voice",,
1643,,,,1656,3608759343,,,"voice",,
1644,,,,1652,3608759343,,,"voice",,
1645,,,,1654,3608759343,,,"voice",,
1646,,,,1659,3608759343,,,"voice",,
1647,,,,1653,3608759343,,,"voice",,
1648,,,,1655,3608759343,,,"voice",,
1649,,,,1661,3606429349,,,"voice",,
1650,,,,1668,3606429349,,,"voice",,
1651,,,,1670,3606429349,,,"voice",,
1652,,,,1667,3606429349,,,"voice",,
1653,,,,1666,3606429349,,,"voice",,
1654,,,,1662,3606429349,,,"voice",,
1655,,,,1664,3606429349,,,"voice",,
1656,,,,1669,3606429349,,,"voice",,
1657,,,,1663,3606429349,,,"voice",,
1658,,,,1665,3606429343,,,"voice",,
1659,,,,1673,3604269772,,,"voice",,
1660,,,,1671,3604264491,,,"voice",,
1661,,,,1672,3604269731,,,"voice",,
1662,,,,1674,3604325194,,,"voice",,
1663,,,,1675,3604277503,,,"voice",,
1664,,,,1676,3606424421,,,"voice",,
1665,,,,1677,3606424421,,,"voice",,
1666,,,,1678,3606424421,,,"voice",,
1667,,,,1680,3609424102,,,"voice",,
1668,,,,1679,3609424100,,,"voice",,
1669,,,,1681,3609424108,,,"voice",,
1670,,,,1683,3608755571,,,"voice",,
1671,,,,1682,3608755571,,,"voice",,
1672,,,,1684,3608755571,,,"voice",,
1673,,,,1685,3605373224,,,"voice",,
1674,,,,1686,3605373230,,,"voice",,
1675,,,,1687,3605373210,,,"voice",,
1676,,,,1688,3605335411,,,"voice",,
1677,,,,1689,3605373228,,,"voice",,
1678,,,,1691,3605329230,,,"voice",,
1679,,,,1692,3605324230,,,"voice",,
1680,,,,1690,3605329237,,,"voice",,
1681,,,,1693,3605329264,,,"voice",,
1682,,,,1694,3605324280,,,"voice",,
1683,,,,1696,3604822212,,,"voice",,
1684,,,,1697,3604822212,,,"voice",,
1685,,,,1695,3604822212,,,"voice",,
1686,,,,1699,3604822603,,,"voice",,
1687,,,,1698,3604822812,,,"voice",,
1688,,,,1701,3605383965,,,"voice",,
1689,,,,1700,3605325700,,,"voice",,
1690,,,,1702,3605325700,,,"voice",,
1691,,,,1705,3604953790,,,"voice",,
1692,,,,1703,3604953667,,,"voice",,
1693,,,,1704,3604953667,,,"voice",,
1694,,,,1706,3604953667,,,"voice",,
1695,,,,1710,3602494245,,,"voice",,
1696,,,,1708,3602493021,102,,"voice",,
1697,,,,1707,3602493021,,,"voice",,
1698,,,,1709,3602493021,111,,"voice",,
1699,,,,1711,3602493939,,,"voice",,
1700,,,,1713,3602735531,,,"voice",,
1701,,,,1712,3602738916,,,"voice",,
1702,,,,1714,3602733591,,,"voice",,
1703,,,,1716,3602892486,,,"voice",,
1704,,,,1715,3602893099,,,"voice",,
1705,,,,1719,3602892754,,,"voice",,
1706,,,,1718,3602892487,,,"voice",,
1707,,,,1717,3602892488,,,"voice",,
1708,,,,1721,3602680125,,,"voice",,
1709,,,,1720,3602680131,,,"voice",,
1710,,,,1722,3602680835,,,"voice",,
1711,,,,1723,3605339330,,,"voice",,
1712,,,,1725,3605334333,,,"voice",,
1713,,,,1726,3604823333,,,"voice",,
1714,,,,1724,3602494232,,,"voice",,
1715,,,,1727,3604272165,,,"voice",,
1716,,,,1728,3604279670,466,,"voice",,
1717,,,,1730,3602750956,,,"voice",,
1718,,,,1729,3604274420,,,"voice",,
1719,,,,1731,3608755385,,,"voice",,
1720,,,,1732,3606428776,,,"voice",,
1721,,,,1733,3606429312,,,"voice",,
1722,,,,1734,3608759310,,,"voice",,
1723,,,,1735,8008302854,,,"voice",,
1724,,,,1736,8008303243,,,"voice",,
1725,,,,1737,3604623320,,,"voice",,
1726,,,,1738,3604623320,,,"voice",,
1727,,,,1739,3603771000,,,"voice",,
1728,,,,1740,3603771000,,,"voice",,
1729,,,,1741,3606985242,,,"voice",,
1730,,,,1742,3606985242,,,"voice",,
1731,,,,1743,3605820218,,,"voice",,
1732,,,,1744,3605820218,,,"voice",,
1733,,,,1745,3605820218,,,"voice",,
1734,,,,1746,3608754244,,,"voice",,
1735,,,,1748,3608754244,,,"voice",,
1736,,,,1747,3608754244,,,"voice",,
1737,,,,1749,3606426237,,,"voice",,
1738,,,,1750,8777346277,,,"voice",,
1739,,,,1751,3608754222,,,"voice",,
1740,,,,1752,8008719275,,,"voice",,
1741,,,,1753,3608754222,,,"voice",,
1742,,,,1754,3606426220,,,"voice",,
1743,,,,1755,8008719275,,,"voice",,
1744,,,,1756,3606426220,,,"voice",,
1745,,,,1758,3605339222,,,"voice",,
1746,,,,1757,8777346277,,,"voice",,
1747,,,,1759,8008719275,,,"voice",,
1748,,,,1760,3605339222,,,"voice",,
1749,,,,1761,8777346277,,,"voice",,
1750,,,,1764,8007863799,,,"voice",,
1751,,,,1762,8007863799,,,"voice",,
1752,,,,1765,8007863799,,,"voice",,
1753,,,,1763,8008719275,,,"voice",,
1754,,,,1770,3606988980,11,,"voice",,
1755,,,,1769,3606988980,14,,"voice",,
1756,,,,1768,3606988980,15,,"voice",,
1757,,,,1771,3606988980,16,,"voice",,
1758,,,,1767,3606988980,12,,"voice",,
1759,,,,1766,3606988980,,,"voice",,
1760,,,,1772,8005629730,,,"voice",,
1761,,,,1773,3608759418,,,"voice",,
1762,,,,1774,3608759418,,,"voice",,
1763,,,,1775,3606423747,,,"voice",,
1764,,,,1777,3606423181,,,"voice",,
1765,,,,1776,3606426308,,,"voice",,
1766,,,,1778,3604847161,,,"voice",,
1767,,,,1781,3605334997,,,"voice",,
1768,,,,1780,3605334997,,,"voice",,
1769,,,,1779,3605334997,,,"voice",,
1770,,,,1782,3605334997,,,"voice",,
1771,,,,1783,3605334997,,,"voice",,
1772,,,,1784,3605334997,,,"voice",,
1773,,,,1787,3604265654,,,"voice",,
1774,,,,1788,3604265654,,,"voice",,
1775,,,,1790,3604265654,,,"voice",,
1776,,,,1789,3604265654,,,"voice",,
1777,,,,1785,3604265654,,,"voice",,
1778,,,,1786,3604265654,,,"voice",,
1779,,,,1791,3602758400,,,"voice",,
1780,,,,1792,3606423634,,,"voice",,
1781,,,,1793,3608301100,,,"voice",,
1782,,,,1798,3607823500,,,"voice",,
1783,,,,1799,3607823500,,,"voice",,
1784,,,,1797,3607823000,,,"voice",,
1785,,,,1802,3607823200,,,"voice",,
1786,,,,1803,3607823100,,,"voice",,
1787,,,,1794,2068557700,,,"voice",,
1788,,,,1795,2068557700,,,"voice",,
1789,,,,1796,3608301600,,,"voice",,
1790,,,,1800,3607823300,,,"voice",,
1791,,,,1801,3607823400,,,"voice",,
1792,,,,1804,3605382002,,,"voice",,
1793,,,,1805,3605382253,,,"voice",,
1794,,,,1806,3605382040,,,"voice",,
1795,,,,1809,3605382180,,,"voice",,
1796,,,,1812,3605382100,,,"voice",,
1797,,,,1807,3605382130,,,"voice",,
1798,,,,1808,3605382170,,,"voice",,
1799,,,,1811,3605382120,,,"voice",,
1800,,,,1813,3605382140,,,"voice",,
1801,,,,1814,3605382150,,,"voice",,
1802,,,,1810,3605382190,,,"voice",,
1803,,,,1815,3605382038,,,"voice",,
1804,,,,1816,3605327181,,,"voice",,
1805,,,,1817,3605382253,,,"voice",,
1806,,,,1818,3604822822,,,"voice",,
1807,,,,1819,3604822822,,,"voice",,
1808,,,,1821,3604822632,,,"voice",,
1809,,,,1823,3604822237,,,"voice",,
1810,,,,1822,3604823121,,,"voice",,
1811,,,,1820,3604825086,,,"voice",,
1812,,,,1824,3604264921,,,"voice",,
1813,,,,1825,3604264921,,,"voice",,
1814,,,,1827,3608775463,,,"voice",,
1815,,,,1826,3608775463,217,,"voice",,
1816,,,,1829,3605388200,,,"voice",,
1817,,,,1828,3605388200,,,"voice",,
1818,,,,1832,3605388210,,,"voice",,
1819,,,,1833,3605388220,,,"voice",,
1820,,,,1830,3605388230,,,"voice",,
1821,,,,1834,3605388250,,,"voice",,
1822,,,,1831,3605388240,,,"voice",,
1823,,,,1835,3605388216,,,"voice",,
1824,,,,1837,3604266767,,,"voice",,
1825,,,,1836,3604266767,,,"voice",,
1826,,,,1839,3604953204,,,"voice",,
1827,,,,1838,3604953204,,,"voice",,
1828,,,,1842,3602493942,,,"voice",,
1829,,,,1840,3602492114,,,"voice",,
1830,,,,1841,3602493942,,,"voice",,
1831,,,,1844,3602494041,,,"voice",,
1832,,,,1845,3602494331,,,"voice",,
1833,,,,1843,3602494528,,,"voice",,
1834,,,,1847,3604847121,,,"voice",,
1835,,,,1846,3604847121,,,"voice",,
1836,,,,1849,3602892447,,,"voice",,
1837,,,,1848,3602892447,,,"voice",,
1838,,,,1850,3602893888,,,"voice",,
1839,,,,1851,3602892147,,,"voice",,
1840,,,,1852,3602764512,,,"voice",,
1841,,,,1854,3602772300,,,"voice",,
1842,,,,1853,3602772112,,,"voice",,
1843,,,,1855,3602772390,,,"voice",,
1844,,,,1856,3602772233,,,"voice",,
1845,,,,1859,3602772330,,,"voice",,
1846,,,,1857,3602772302,,,"voice",,
1847,,,,1858,3602772303,,,"voice",,
1848,,,,1861,3605323079,,,"voice",,
1849,,,,1860,3605323079,,,"voice",,
1850,,,,1863,3606423739,,,"voice",,
1851,,,,1862,3606423739,,,"voice",,
1852,,,,1866,3606423242,,,"voice",,
1853,,,,1867,3606654815,,,"voice",,
1854,,,,1865,3606423731,,,"voice",,
1855,,,,1864,3606423731,,,"voice",,
1856,,,,1869,3602689125,,,"voice",,
1857,,,,1868,3602689125,2004,,"voice",,
1858,,,,1871,3604269115,,,"voice",,
1859,,,,1870,3604269115,3,,"voice",,
1860,,,,1873,3604272737,,,"voice",,
1861,,,,1872,3604268291,2,,"voice",,
1862,,,,1877,3602882414,,,"voice",,
1863,,,,1876,3602882414,,,"voice",,
1864,,,,1874,3602882414,,,"voice",,
1865,,,,1875,3602882414,,,"voice",,
1866,,,,1878,3602882414,,,"voice",,
1867,,,,1881,3609423415,,,"voice",,
1868,,,,1879,3609423415,,,"voice",,
1869,,,,1880,3609423415,,,"voice",,
1870,,,,1882,3609423415,,,"voice",,
1871,,,,1884,3609423415,,,"voice",,
1872,,,,1883,3609423415,,,"voice",,
1873,,,,1887,3604261687,,,"voice",,
1874,,,,1885,3604621687,,,"voice",,
1875,,,,1886,3604622250,,,"voice",,
1876,,,,1888,3604263253,,,"voice",,
1877,,,,1890,3604268281,,,"voice",,
1878,,,,1891,3604268564,,,"voice",,
1879,,,,1893,3604266671,,,"voice",,
1880,,,,1892,3604267991,,,"voice",,
1881,,,,1889,3604267664,,,"voice",,
1882,,,,1894,3604264471,,,"voice",,
1883,,,,1897,3608756041,,,"voice",,
1884,,,,1895,3608755327,,,"voice",,
1885,,,,1898,3608755615,,,"voice",,
1886,,,,1899,3608755707,,,"voice",,
1887,,,,1901,3604268437,,,"voice",,
1888,,,,1900,3604268437,,,"voice",,
1889,,,,1903,3602764729,,,"voice",,
1890,,,,1902,3602764729,,,"voice",,
1891,,,,1905,3605323128,,,"voice",,
1892,,,,1904,3605323128,1230,,"voice",,
1893,,,,1908,3609425855,,,"voice",,
1894,,,,1906,3609425855,,,"voice",,
1895,,,,1907,3609422006,,,"voice",,
1896,,,,1909,3609423311,,,"voice",,
1897,,,,1911,3602735947,,,"voice",,
1898,,,,1910,3602735947,,,"voice",,
1899,,,,1913,3604825330,,,"voice",,
1900,,,,1912,3604825330,,,"voice",,
1901,,,,1914,3604155640,,,"voice",,
1902,,,,1916,3604155440,,,"voice",,
1903,,,,1915,3608956158,,,"voice",,
1904,,,,1917,3606929362,,,"voice",,
1905,,,,1918,3608950216,,,"voice",,
1906,,,,1919,3606987267,,,"voice",,
1907,,,,1922,8882011014,,,"voice",,
1908,,,,1920,3603732426,,,"voice",,
1909,,,,1921,3604796125,,,"voice",,
1910,,,,1923,3604796125,,,"voice",,
1911,,,,1924,3604796125,,,"voice",,
1912,,,,1925,3603857003,,,"voice",,
1913,,,,1926,3604578578,,,"voice",,
1914,,,,1927,3604578578,,,"voice",,
1915,,,,1928,3604784972,,,"voice",,
1916,,,,1933,3607795547,,,"voice",,
1917,,,,1932,3603374440,,,"voice",,
1918,,,,1929,2067805306,,,"voice",,
1919,,,,1931,3604794793,,,"voice",,
1920,,,,1930,3606974337,,,"voice",,
1921,,,,1934,3606922293,,,"voice",,
1922,,,,1935,3604572545,,,"voice",,
1923,,,,1939,3603746440,,,"voice",,
1924,,,,1936,3604172218,,,"voice",,
1925,,,,1937,3606838375,,,"voice",,
1926,,,,1938,3603749240,,,"voice",,
1927,,,,1940,3603850378,,,"voice",,
1928,,,,1941,3603859115,,,"voice",,
1929,,,,1942,3604796327,,,"voice",,
1930,,,,1947,3604796327,,,"voice",,
1931,,,,1945,3604796327,,,"voice",,
1932,,,,1943,3604796327,,,"voice",,
1933,,,,1946,3604796327,,,"voice",,
1934,,,,1944,3604796327,,,"voice",,
1935,,,,1948,3604527891,,,"voice",,
1936,,,,1949,3606971141,,,"voice",,
1937,,,,1950,2067800888,,,"voice",,
1938,,,,1951,3603852571,,,"voice",,
1939,,,,1952,3603795171,,,"voice",,
1940,,,,1953,3603852571,,,"voice",,
1941,,,,1954,3603852571,,,"voice",,
1942,,,,1955,3603852571,,,"voice",,
1943,,,,1957,3603852571,,,"voice",,
1944,,,,1959,3603852571,,,"voice",,
1945,,,,1961,3603852571,,,"voice",,
1946,,,,1962,3603852571,,,"voice",,
1947,,,,1958,3604524726,,,"voice",,
1948,,,,1956,3603852571,,,"voice",,
1949,,,,1963,8667369634,,,"voice",,
1950,,,,1964,3604824728,,,"voice",,
1951,,,,1967,3604577004,,,"voice",,
1952,,,,1968,3606836806,,,"voice",,
1953,,,,1969,3603859007,,,"voice",,
1954,,,,1970,3607324822,,,"voice",,
1955,,,,1972,3602676766,,,"voice",,
1956,,,,1971,3602676766,3100,,"voice",,
1957,,,,1973,3602673408,,,"voice",,
1958,,,,1976,3602672508,,,"voice",,
1959,,,,1977,3602670119,,,"voice",,
1960,,,,1975,3602670119,,,"voice",,
1961,,,,1974,3602678103,,,"voice",,
1962,,,,1978,3604779367,,,"voice",,
1963,,,,1980,3608765595,,,"voice",,
1964,,,,1979,3608765595,,,"voice",,
1965,,,,1981,3604732075,,,"voice",,
1966,,,,1982,3604791507,,,"voice",,
1967,,,,1986,3603770053,,,"voice",,
1968,,,,1984,3604732032,,,"voice",,
1969,,,,1985,3604732134,,,"voice",,
1970,,,,1983,3603770053,,,"voice",,
1971,,,,1990,3604732020,,,"voice",,
1972,,,,1994,3604732118,,,"voice",,
1973,,,,1993,3603736221,,,"voice",,
1974,,,,1987,3604732015,,,"voice",,
1975,,,,1992,3604732017,,,"voice",,
1976,,,,1989,3604732035,,,"voice",,
1977,,,,1991,3604732126,,,"voice",,
1978,,,,1988,3604732141,,,"voice",,
1979,,,,1997,3604732144,,,"voice",,
1980,,,,1998,3604732144,,,"voice",,
1981,,,,1995,3606926530,,,"voice",,
1982,,,,1996,3604732035,,,"voice",,
1983,,,,1999,3604174790,,,"voice",,
1984,,,,2000,3604272174,,,"voice",,
1985,,,,2001,8004519994,,,"voice",,
1986,,,,2004,8887136115,,,"voice",,
1987,,,,2006,3606426235,,,"voice",,
1988,,,,2002,3606426235,,,"voice",,
1989,,,,2005,3609937947,,,"voice",,
1990,,,,2003,3606426235,,,"voice",,
1991,,,,2008,8887136115,,,"voice",,
1992,,,,2010,3608754200,,,"voice",,
1993,,,,2007,3608754200,,,"voice",,
1994,,,,2009,3609937947,,,"voice",,
1995,,,,2013,8007565438,,,"voice",,
1996,,,,2014,8009255438,,,"voice",,
1997,,,,2012,8007565438,,,"voice",,
1998,,,,2011,8008465438,,,"voice",,
1999,,,,2015,8772288947,,,"voice",,
2000,,,,2016,3602867632,,,"voice",,
2001,,,,2017,3606203722,,,"voice",,
2002,,,,2018,3603798779,,,"voice",,
2003,,,,2020,3605382458,,,"voice",,
2004,,,,2021,3605320520,,,"voice",,
2005,,,,2023,3605382443,,,"voice",,
2006,,,,2022,3605382458,,,"voice",,
2007,,,,2019,3605382457,,,"voice",,
2008,,,,2024,3603744197,,,"voice",,
2009,,,,2025,3605328330,,,"voice",,
2010,,,,2027,3605328330,,,"voice",,
2011,,,,2026,3605372229,,,"voice",,
2012,,,,2028,8777346277,,,"voice",,
2013,,,,2029,8002809991,,,"voice",,
2014,,,,2031,8002809991,,,"voice",,
2015,,,,2030,8008719275,,,"voice",,
2016,,,,2032,3603794328,,,"voice",,
2017,,,,2035,8887136115,,,"voice",,
2018,,,,2037,3603794330,,,"voice",,
2019,,,,2033,3603794330,,,"voice",,
2020,,,,2034,8887136115,,,"voice",,
2021,,,,2036,3609937947,,,"voice",,
2022,,,,2038,3603794322,,,"voice",,
2023,,,,2039,3603794322,,,"voice",,
2024,,,,2040,3603794322,,,"voice",,
2025,,,,2042,8776012760,,,"voice",,
2026,,,,2041,8776012760,,,"voice",,
2027,,,,2043,8776012760,,,"voice",,
2028,,,,2044,8777346277,,,"voice",,
2029,,,,2045,8002809891,,,"voice",,
2030,,,,2047,8002809891,,,"voice",,
2031,,,,2046,8008719275,,,"voice",,
2032,,,,2048,8887136115,,,"voice",,
2033,,,,2049,3605652240,,,"voice",,
2034,,,,2050,8887136115,,,"voice",,
2035,,,,2051,8008303169,,,"voice",,
2036,,,,2052,3604753490,,,"voice",,
2037,,,,2053,3604753490,,,"voice",,
2038,,,,2054,3604753490,,,"voice",,
2039,,,,2055,8777346277,,,"voice",,
2040,,,,2056,8004227114,,,"voice",,
2041,,,,2057,8008719275,,,"voice",,
2042,,,,2058,8004227114,,,"voice",,
2043,,,,2061,8887136115,,,"voice",,
2044,,,,2062,8007624902,,,"voice",,
2045,,,,2059,3604753688,,,"voice",,
2046,,,,2060,8887136115,,,"voice",,
2047,,,,2063,3609937947,,,"voice",,
2048,,,,2064,3606984360,,,"voice",,
2049,,,,2065,3604322151,,,"voice",,
2050,,,,2066,3604322151,,,"voice",,
2051,,,,2067,3604322151,,,"voice",,
2052,,,,2068,8775012233,,,"voice",,
2053,,,,2070,8775012233,,,"voice",,
2054,,,,2072,8775012233,,,"voice",,
2055,,,,2071,8775012233,,,"voice",,
2056,,,,2069,8005623022,,,"voice",,
2057,,,,2073,3605374360,,,"voice",,
2058,,,,2074,3605374360,,,"voice",,
2059,,,,2075,3605374360,,,"voice",,
2060,,,,2076,8775012233,,,"voice",,
2061,,,,2078,8775012233,,,"voice",,
2062,,,,2080,8775012233,,,"voice",,
2063,,,,2079,8775012233,,,"voice",,
2064,,,,2077,8005623022,,,"voice",,
2065,,,,2081,8775012233,,,"voice",,
2066,,,,2083,8775012233,,,"voice",,
2067,,,,2085,8775012233,,,"voice",,
2068,,,,2084,8775012233,,,"voice",,
2069,,,,2082,8005623022,,,"voice",,
2070,,,,2086,8775012233,,,"voice",,
2071,,,,2088,8775012233,,,"voice",,
2072,,,,2090,8775012233,,,"voice",,
2073,,,,2089,8775012233,,,"voice",,
2074,,,,2087,8005623022,,,"voice",,
2075,,,,2091,3607792622,,,"voice",,
2076,,,,2092,8667369634,,,"voice",,
2077,,,,2098,3608761870,,,"voice",,
2078,,,,2094,3607795515,,,"voice",,
2079,,,,2097,3604732028,,,"voice",,
2080,,,,2099,3606972679,,,"voice",,
2081,,,,2095,8006592955,,,"voice",,
2082,,,,2096,3604796188,,,"voice",,
2083,,,,2101,3605337828,,,"voice",,
2084,,,,2100,3605337828,,,"voice",,
2085,,,,2102,3605337828,,,"voice",,
2086,,,,2105,3603733428,,,"voice",,
2087,,,,2104,3603733428,,,"voice",,
2088,,,,2103,3603733428,,,"voice",,
2089,,,,2111,3603733428,,,"voice",,
2090,,,,2112,3603733428,,,"voice",,
2091,,,,2110,3603733428,,,"voice",,
2092,,,,2109,3603733428,,,"voice",,
2093,,,,2106,3603733428,,,"voice",,
2094,,,,2107,3603733428,,,"voice",,
2095,,,,2108,3603733428,,,"voice",,
2096,,,,2113,3604279670,491,,"voice",,
2097,,,,2114,3604279670,468,,"voice",,
2098,,,,2116,3604279670,419,,"voice",,
2099,,,,2117,3604279670,470,,"voice",,
2100,,,,2115,3604277799,,,"voice",,
2101,,,,2119,3604278434,,,"voice",,
2102,,,,2118,3604279670,669,,"voice",,
2103,,,,2122,3604279670,346,,"voice",,
2104,,,,2124,3604277775,,,"voice",,
2105,,,,2123,3604279670,339,,"voice",,
2106,,,,2125,3604279670,,,"voice",,
2107,,,,2127,3604279670,346,,"voice",,
2108,,,,2121,3604279670,441,,"voice",,
2109,,,,2126,3604279670,346,,"voice",,
2110,,,,2132,3604279670,417,,"voice",,
2111,,,,2131,3604279670,417,,"voice",,
2112,,,,2133,3604279670,450,,"voice",,
2113,,,,2129,3604279670,336,,"voice",,
2114,,,,2120,3602756462,,,"voice",,
2115,,,,2128,3608779525,,,"voice",,
2116,,,,2134,3608983037,,,"voice",,
2117,,,,2130,3604275271,,,"voice",,
2118,,,,2135,3602494121,,,"voice",,
2119,,,,2136,3602494232,,,"voice",,
2120,,,,2138,3602493731,,,"voice",,
2121,,,,2140,3602494222,,,"voice",,
2122,,,,2141,3602494222,,,"voice",,
2123,,,,2137,3602495579,,,"voice",,
2124,,,,2139,3602494413,,,"voice",,
2125,,,,2143,3602493842,,,"voice",,
2126,,,,2144,3602493441,,,"voice",,
2127,,,,2145,3602493951,,,"voice",,
2128,,,,2147,3602493842,,,"voice",,
2129,,,,2146,3602493441,,,"voice",,
2130,,,,2150,3605333919,,,"voice",,
2131,,,,2153,3605327061,,,"voice",,
2132,,,,2154,3605327061,,,"voice",,
2133,,,,2142,3604822651,,,"voice",,
2134,,,,2151,3602494222,,,"voice",,
2135,,,,2148,3602494222,,,"voice",,
2136,,,,2149,3602494222,,,"voice",,
2137,,,,2152,3602494222,,,"voice",,
2138,,,,2155,3606429301,,,"voice",,
2139,,,,2156,3606429312,,,"voice",,
2140,,,,2157,3606429417,,,"voice",,
2141,,,,2158,3608759356,,,"voice",,
2142,,,,2159,3606429301,,,"voice",,
2143,,,,2160,3608759301,,,"voice",,
2144,,,,2161,3608759309,,,"voice",,
2145,,,,2162,3608759320,,,"voice",,
2146,,,,2164,3608759350,,,"voice",,
2147,,,,2163,3608759354,,,"voice",,
2148,,,,2166,3608759361,,,"voice",,
2149,,,,2168,3608759368,,,"voice",,
2150,,,,2169,3608759328,,,"voice",,
2151,,,,2165,3608759301,,,"voice",,
2152,,,,2167,3608759320,,,"voice",,
2153,,,,2170,3608759337,,,"voice",,
2154,,,,2172,3608759334,,,"voice",,
2155,,,,2171,3608759356,,,"voice",,
2156,,,,2173,3606429368,,,"voice",,
2157,,,,2174,3605324220,,,"voice",,
2158,,,,2176,3605337610,,,"voice",,
2159,,,,2175,3605373721,,,"voice",,
2160,,,,2178,3604321533,,,"voice",,
2161,,,,2177,3604268255,,,"voice",,
2162,,,,2179,3604269726,,,"voice",,
2163,,,,2180,3609422411,,,"voice",,
2164,,,,2181,3609422411,,,"voice",,
2165,,,,2182,3609422411,,,"voice",,
2166,,,,2183,3606423191,,,"voice",,
2167,,,,2184,3606423191,,,"voice",,
2168,,,,2185,3606423191,,,"voice",,
2169,,,,2187,3607650598,,,"voice",,
2170,,,,2188,3607650598,,,"voice",,
2171,,,,2186,3607650598,,,"voice",,
2172,,,,2189,3602892171,,,"voice",,
2173,,,,2190,3602892164,,,"voice",,
2174,,,,2191,3602738511,,,"voice",,
2175,,,,2192,3606656567,,,"voice",,
2176,,,,2194,3604267374,,,"voice",,
2177,,,,2198,3605334760,,,"voice",,
2178,,,,2200,5033253231,,,"voice",,
2179,,,,2201,3605329542,,,"voice",,
2180,,,,2202,8882011014,,,"voice",,
2181,,,,2203,3604632981,,,"voice",,
2182,,,,2204,3607898345,,,"voice",,
2183,,,,2205,2067800656,,,"voice",,
2184,,,,2206,2068422451,,,"voice",,
2185,,,,2207,2067800656,,,"voice",,
2186,,,,2208,2067800656,,,"voice",,
2187,,,,2209,3606835367,,,"voice",,
2188,,,,2211,3605379133,,,"voice",,
2189,,,,2210,3605379133,,,"voice",,
2190,,,,2212,8008284883,,,"voice",,
2191,,,,2215,8008244883,,,"voice",,
2192,,,,2214,8008284883,,,"voice",,
2193,,,,2213,8008284883,,,"voice",,
2194,,,,2216,3609425739,,,"voice",,
2195,,,,2218,3603854605,,,"voice",,
2196,,,,2220,3606929813,,,"voice",,
2197,,,,2219,3606929813,,,"voice",,
2198,,,,2221,3608759670,,,"voice",,
2199,,,,2222,3608759670,,,"voice",,
2200,,,,2227,3606704363,,,"voice",,
2201,,,,2223,3606704363,,,"voice",,
2202,,,,2224,3606704363,,,"voice",,
2203,,,,2226,3606704363,,,"voice",,
2204,,,,2225,3606704363,,,"voice",,
2205,,,,2228,3603770370,,,"voice",,
2206,,,,2229,3605339318,,,"voice",,
2207,,,,2230,3605382369,,,"voice",,
2208,,,,2231,3608759471,,,"voice",,
2209,,,,2232,3606426213,,,"voice",,
2210,,,,2233,3603735393,,,"voice",,
2211,,,,2234,3604527919,,,"voice",,
2212,,,,2235,3604527919,,,"voice",,
2213,,,,2236,3604527919,,,"voice",,
2214,,,,2237,3603621854,,,"voice",,
2215,,,,2239,3604433550,,,"voice",,
2216,,,,2240,3604433441,,,"voice",,
2217,,,,2238,3608306947,,,"voice",,
2218,,,,2241,8886262640,,,"voice",,
2219,,,,2243,3605339751,,,"voice",,
2220,,,,2244,3605339751,,,"voice",,
2221,,,,2242,3605339751,,,"voice",,
2222,,,,2245,3604625683,,,"voice",,
2223,,,,2251,3605522303,,,"voice",,
2224,,,,2257,3605522303,,,"voice",,
2225,,,,2250,3608010424,,,"voice",,
2226,,,,2259,3605522303,,,"voice",,
2227,,,,2252,3605522303,,,"voice",,
2228,,,,2248,3605522303,,,"voice",,
2229,,,,2258,3605522303,,,"voice",,
2230,,,,2249,3605522303,,,"voice",,
2231,,,,2246,3605522303,,,"voice",,
2232,,,,2254,3604279670,400,,"voice",,
2233,,,,2255,3605522303,,,"voice",,
2234,,,,2256,3605522303,,,"voice",,
2235,,,,2260,3605522303,,,"voice",,
2236,,,,2261,3605522303,,,"voice",,
2237,,,,2253,3605522303,,,"voice",,
2238,,,,2247,3605522303,,,"voice",,
2239,,,,2262,3605379622,,,"voice",,
2240,,,,2265,3605379622,,,"voice",,
2241,,,,2264,3605379622,,,"voice",,
2242,,,,2263,3605379622,,,"voice",,
2243,,,,2269,3605377000,,,"voice",,
2244,,,,2270,3605377000,,,"voice",,
2245,,,,2267,3605377000,,,"voice",,
2246,,,,2266,3605377000,,,"voice",,
2247,,,,2268,3605377000,,,"voice",,
2248,,,,2271,3608755550,,,"voice",,
2249,,,,2272,3606986576,,,"voice",,
2250,,,,2273,8882011014,,,"voice",,
2251,,,,2275,3605332282,,,"voice",,
2252,,,,2276,3605332282,,,"voice",,
2253,,,,2274,3605332282,,,"voice",,
2254,,,,2277,3604264441,,,"voice",,
2255,,,,2278,3605338765,,,"voice",,
2256,,,,2279,3603732397,,,"voice",,
2257,,,,2280,2065950376,,,"voice",,
2258,,,,2281,2065950376,,,"voice",,
2259,,,,2283,3602754300,,,"voice",,
2260,,,,2284,3602757131,,,"voice",,
2261,,,,2282,3602757131,,,"voice",,
2262,,,,2286,3602757131,,,"voice",,
2263,,,,2285,3602757131,,,"voice",,
2264,,,,2288,2536785510,,,"voice",,
2265,,,,2289,3607907505,,,"voice",,
2266,,,,2287,3603583401,,,"voice",,
2267,,,,2293,3607907505,,,"voice",,
2268,,,,2292,3607907505,,,"voice",,
2269,,,,2291,3603583401,,,"voice",,
2270,,,,2290,3603583401,,,"voice",,
2271,,,,2295,3604732035,,,"voice",,
2272,,,,2296,3604732035,,,"voice",,
2273,,,,2294,3604732035,,,"voice",,
2274,,,,2304,3604732102,,,"voice",,
2275,,,,2305,3604732102,,,"voice",,
2276,,,,2303,3604732102,,,"voice",,
2277,,,,2301,3609300075,,,"voice",,
2278,,,,2302,3609300075,,,"voice",,
2279,,,,2300,3609300075,,,"voice",,
2280,,,,2298,3603775560,,,"voice",,
2281,,,,2297,3603775560,,,"voice",,
2282,,,,2299,3603775560,,,"voice",,
2283,,,,2306,3604787277,,,"voice",,
2284,,,,2307,3607654239,,,"voice",,
2285,,,,2308,3606161491,,,"voice",,
2286,,,,2309,3602494486,,,"voice",,
2287,,,,2310,3602493242,,,"voice",,
2288,,,,2311,3602493242,,,"voice",,
2289,,,,2312,3602491031,,,"voice",,
2290,,,,2313,3602493242,,,"voice",,
2291,,,,2314,3604524062,,,"voice",,
2292,,,,2315,3602681686,,,"voice",,
2293,,,,2316,3603733170,,,"voice",,
2294,,,,2317,3603733170,,,"voice",,
2295,,,,2318,3602759385,,,"voice",,
2296,,,,2329,3603850300,,,"voice",,
2297,,,,2331,3604822934,,,"voice",,
2298,,,,2330,3604822934,,,"voice",,
2299,,,,2333,3604822934,,,"voice",,
2300,,,,2332,3604822934,,,"voice",,
2301,,,,2334,3606333030,,,"voice",,
2302,,,,2335,2066595631,,,"voice",,
2303,,,,2336,2066595631,,,"voice",,
2304,,,,2337,2066595631,,,"voice",,
2305,,,,2338,8003442666,,,"voice",,
2306,,,,2339,3605826931,,,"voice",,
2307,,,,2340,3605826931,,,"voice",,
2308,,,,2341,3609283878,,,"voice",,
2309,,,,2342,3603855800,,,"voice",,
2310,,,,2343,3603855800,,,"voice",,
2311,,,,2344,3604528971,,,"voice",,
2312,,,,2345,3604528971,,,"voice",,
2313,,,,2347,3604905228,,,"voice",,
2314,,,,2348,3604266925,,,"voice",,
2315,,,,2346,3604271686,,,"voice",,
2316,,,,2349,3606817999,,,"voice",,
2317,,,,2350,3604065260,,,"voice",,
2318,,,,2351,3606833626,,,"voice",,
2319,,,,2352,3605522600,,,"voice",,
2320,,,,2353,3603779800,,,"voice",,
2321,,,,2354,3604824000,,,"voice",,
2322,,,,2355,3606982323,,,"voice",,
2323,,,,2356,2068428686,,,"voice",,
2324,,,,2357,3608715100,,,"voice",,
2325,,,,2358,3606923030,,,"voice",,
2326,,,,2359,2068421648,,,"voice",,
2327,,,,2360,3605335104,,,"voice",,
2328,,,,2361,3605331141,,,"voice",,
2329,,,,2362,3605331141,,,"voice",,
2330,,,,2363,3609820660,,,"voice",,
2331,,,,2364,3609796183,,,"voice",,
2332,,,,2366,3605338090,,,"voice",,
2333,,,,2365,3605338090,,,"voice",,
2334,,,,2368,3604432860,,,"voice",,
2335,,,,2369,3604372236,,,"voice",,
2336,,,,2370,3604372236,,,"voice",,
2337,,,,2371,3604372899,,,"voice",,
2338,,,,2372,3607964450,,,"voice",,
2339,,,,2373,3607964450,,,"voice",,
2340,,,,2374,3607653333,,,"voice",,
2341,,,,2375,3607653333,,,"voice",,
2342,,,,2376,3607653333,,,"voice",,
2343,,,,2377,3604172700,,,"voice",,
2344,,,,2378,3604172700,,,"voice",,
2345,,,,2379,3604172700,,,"voice",,
2346,,,,2380,3605338200,,,"voice",,
2347,,,,2381,3605338200,,,"voice",,
2348,,,,2382,3605338200,,,"voice",,
2349,,,,2397,2068421616,,,"voice",,
2350,,,,2396,2068421616,,,"voice",,
2351,,,,2398,2068421616,,,"voice",,
2352,,,,2395,2068421616,,,"voice",,
2353,,,,2383,2068422303,0,,"voice",,
2354,,,,2384,2068422303,0,,"voice",,
2355,,,,2391,2067809622,,,"voice",,
2356,,,,2392,2067809622,,,"voice",,
2357,,,,2386,2068422306,116,,"voice",,
2358,,,,2387,2068422306,116,,"voice",,
2359,,,,2389,2068422306,116,,"voice",,
2360,,,,2390,2068422306,116,,"voice",,
2361,,,,2385,2068422306,125,,"voice",,
2362,,,,2388,2068422306,116,,"voice",,
2363,,,,2393,2068422306,,,"voice",,
2364,,,,2394,2068422306,,,"voice",,
2365,,,,2399,3605326315,,,"voice",,
2366,,,,2400,3605326315,,,"voice",,
2367,,,,2401,3605326315,,,"voice",,
2368,,,,2403,3608756670,,,"voice",,
2369,,,,2423,3607793997,,,"voice",,
2370,,,,2404,2068427686,,,"voice",,
2371,,,,2405,2068427686,,,"voice",,
2372,,,,2406,2068427686,,,"voice",,
2373,,,,2417,3604059100,,,"voice",,
2374,,,,2409,2068424162,,,"voice",,
2375,,,,2410,3603773955,,,"voice",,
2376,,,,2411,3602973330,,,"voice",,
2377,,,,2412,3602972670,,,"voice",,
2378,,,,2413,3608713921,,,"voice",,
2379,,,,2414,3608762224,,,"voice",,
2380,,,,2415,3607792915,,,"voice",,
2381,,,,2416,3606922779,,,"voice",,
2382,,,,2421,3607791963,,,"voice",,
2383,,,,2420,3608767215,,,"voice",,
2384,,,,2419,3603773776,,,"voice",,
2385,,,,2422,3606163100,,,"voice",,
2386,,,,2418,3607797500,,,"voice",,
2387,,,,2407,3604735357,,,"voice",,
2388,,,,2424,3602735514,,,"voice",,
"#REF!",,,,"#REF!","#REF!","#REF!",,"#REF!","#REF!",
"#REF!",,,,"#REF!","#REF!","#REF!",,"#REF!","#REF!",
"#REF!",,,,"#REF!","#REF!","#REF!",,"#REF!","#REF!",
"#REF!",,,,"#REF!","#REF!","#REF!",,"#REF!","#REF!",
"#REF!",,,,"#REF!","#REF!","#REF!",,"#REF!","#REF!",
"#REF!",,,,"#REF!","#REF!","#REF!",,"#REF!","#REF!",
"#REF!",,,,"#REF!","#REF!","#REF!",,"#REF!","#REF!",
"#REF!",,,,"#REF!","#REF!","#REF!",,"#REF!","#REF!",
"#REF!",,,,"#REF!","#REF!","#REF!",,"#REF!","#REF!",
